"Name (192)"	"Category"	"Rating"	"N¬∫ Reviews"	"User"	"Stars"	"User Comment"	"domingo"	"lunes"	"martes"	"mi√©rcoles"	"jueves"	"viernes"	"s√°bado"	"Description"	"Plus Code"	"Address"	"City"	"Province"	"Url"	"Telephone"	"email"	"Claim"	"Latitude"	"Longitude"	"Url in Maps"	"Iframe"	"Image Url"	"id"	"Day N."	"Saved"	"hash"
"Oli Bar Ruzafa"	"Bar de tapas"	"4,5"	"236"				"9:00 a 0:30"	"De 9:00 a 0:30"	"De 9:00 a 0:30"	"De 9:00 a 0:30"	"De 9:00 a 0:30"	"De 9:00 a 0:30"	"De 9:00 a 0:30"	""	"FJ5F+MR Valencia"	"Pla√ßa de Manuel Granero, 20, 46006 Val√®ncia, Valencia"	"Valencia"	"Valencia"	""	"960 05 61 12"	""	"No"	"39.4592129"	"-0.375404"	"https://goo.gl/maps/VDdt8vgVH8fXBkBL8"	""	"https://lh5.googleusercontent.com/p/AF1QipNYVAziikyp5Wrd2r-y1J73NpqiL5kQUl_mCym7=w408-h306-k-no"	"0"	"0"	"0"
"Caf√© Berlin"	"Bar"	"4,0"	"1.271"				"17:00 a 24:00"	"De 18:30 a 1:00"	"De 18:30 a 1:00"	"De 18:30 a 1:00"	"De 18:30 a 1:00"	"De 18:30 a 2:30"	"De 16:00 a 2:30"	""	"FJ7G+64 Valencia"	"Carrer de Cadis, 22-24, 46004 Val√®ncia, Valencia"	"Valencia"	"Valencia"	""	"963 81 00 24"	""	"No"	"39.4630994"	"-0.3745843"	"https://g.page/cafeberlinvalencia?share"	""	"https://lh5.googleusercontent.com/p/AF1QipOj-2DGml7B5Q5uSV7QyZsbBwqsyu7fpQrqO6S1=w408-h271-k-no"	"1"	"0"	"0"
"Backstage Ruzafa"	"Bar"	"4,2"	"115"				"9:00 a 2:00"	"De 9:00 a 2:00"	"De 9:00 a 2:00"	"De 9:00 a 2:00"	"De 9:00 a 2:00"	"De 9:00 a 2:00"	"De 9:00 a 2:00"	""	"FJ6G+7P Valencia"	"Carrer del Literat Azor√≠n, 1, 46004 Val√®ncia, Valencia"	"Valencia"	"Valencia"	""	"656 91 95 06"	""	"No"	"39.46076"	"-0.3731588"	"https://goo.gl/maps/12zfhiG6o2tCyPew6"	""	"https://lh5.googleusercontent.com/p/AF1QipObHRXfxH4opuakd_e8B0FI4sE5E6tH_lDePuE3=w493-h240-k-no"	"2"	"0"	"0"
"Olh√∂ps Craft Beer House - Cervecer√≠a artesanal en Valencia"	"Bar"	"4,3"	"1.050"				"18:30 a 23:30"	"De 18:30 a 23:30"	"De 18:30 a 23:30"	"De 18:30 a 23:30"	"De 18:30 a 0:30"	"De 18:30 a 1:30"	"De 18:30 a 1:30"	""	"FJ6F+WQ Valencia"	"Carrer de Sueca, 21, 46004 Val√®ncia, Valencia"	"Valencia"	"Valencia"	"olhops.com"	"650 13 50 22"	""	"No"	"39.4623448"	"-0.3755911"	"https://goo.gl/maps/mejkY5L9eoUvvAsW6"	""	"https://lh5.googleusercontent.com/p/AF1QipNKxhAd8fG1zU2idBNzTN1z8dsdSi2-2sa-7sES=w408-h543-k-no"	"3"	"0"	"0"
"Casa Pepe"	"Cocteler√≠a"	"4,3"	"367"				"11:00 a 1:30"	"De 18:00 a 1:30"	"De 18:00 a 1:30"	"De 18:00 a 1:30"	"De 18:00 a 1:30"	"De 18:00 a 2:00"	"De 11:00 a 2:00"	""	"FJ6F+MX Valencia"	"Carrer de Sueca, 33, 46006 Val√®ncia, Valencia"	"Valencia"	"Valencia"	""	""	""	"No"	"39.4617286"	"-0.3750226"	"https://g.page/casa-pepe?share"	""	"https://lh5.googleusercontent.com/p/AF1QipP40GSATgOrdzUtJIJiUzN4sc4EVJFuD8Dk9sAu=w426-h240-k-no"	"4"	"0"	"0"
"Taberna el rojo"	"Bar de tapas"	"4,1"	"949"				"16:00 a 1:30"	"De 16:00 a 1:30"	"De 16:00 a 1:30"	"De 16:00 a 1:30"	"De 16:00 a 1:30"	"De 16:00 a 1:30"	"De 12:00 a 1:30"	""	"FJ6G+7G Valencia"	"Carrer del Literat Azor√≠n, 10, 46004 Val√®ncia, Valencia"	"Valencia"	"Valencia"	"tabernaelrojo.es"	"637 62 49 69"	""	"No"	"39.4606815"	"-0.373682"	"https://goo.gl/maps/JxJwN5CKeoWVMfMMA"	""	"https://lh5.googleusercontent.com/p/AF1QipNcDyby0hsDFEat8vau3OJhuMvbsfGpRHSSwhaR=w408-h306-k-no"	"5"	"0"	"0"
"La Bella De Cadiz"	"Cocteler√≠a"	"4,3"	"499"				"19:00 a 1:30"	"De 19:00 a 1:30"	"De 19:00 a 1:30"	"De 19:00 a 1:30"	"De 19:00 a 1:30"	"De 19:00 a 2:00"	"De 19:00 a 2:00"	""	"FJ6G+HJ Valencia"	"46004, Carrer de Cadis, 54, 46004 Valencia"	"Valencia"	"Valencia"	"instagram.com"	"651 74 57 18"	""	"No"	"39.4614436"	"-0.3733921"	"https://goo.gl/maps/Cnp8C6Cqz8ch1Kee7"	""	"https://lh5.googleusercontent.com/p/AF1QipOgplUjNf-o5xe-UgrMWidxJq54nTW5DbOl7omT=w426-h240-k-no"	"6"	"0"	"0"
"La Madriguera ruzafa"	"Cocteler√≠a"	"4,8"	"63"				"16:00 a 1:00"	"Cerrado"	"De 18:00 a 1:00"	"De 18:00 a 1:00"	"De 18:00 a 1:00"	"De 16:00 a 2:00"	"De 16:00 a 2:00"	""	"FJ6G+5W Valencia"	"Carrer de Cadis, 70, 46006 Val√®ncia, Valencia"	"Valencia"	"Valencia"	"qr-viewer.mrmbrand-apis.net"	"686 56 11 22"	""	"No"	"39.4604635"	"-0.3727464"	"https://goo.gl/maps/Mw9Ty7Gt1piUCyxz7"	""	"https://lh5.googleusercontent.com/p/AF1QipPY4LMtTtayGNiY8wGXmA6d9HPqFnEa-O36E1PM=w408-h544-k-no"	"7"	"0"	"0"
"Bar Aladroc"	"Bar"	"4,5"	"448"				"De 19:00 a 24:00"	"Cerrado"	"De 13:30 a 15:30,De 19:00 a 24:00"	"De 13:30 a 15:30,De 19:00 a 24:00"	"De 13:30 a 15:30,De 19:00 a 24:00"	"De 13:30 a 15:30,De 19:00 a 24:00"	"De 13:30 a 15:30,De 19:00 a 24:00"	""	"FJ5F+WM Valencia"	"Carrer del Literat Azor√≠n, 26, 46004 Val√®ncia, Valencia"	"Valencia"	"Valencia"	""	"722 71 37 18"	""	"No"	"39.4598201"	"-0.3757996"	"https://goo.gl/maps/8zEKYneuZ7CZX3Ru8"	""	"https://lh5.googleusercontent.com/p/AF1QipM4rghKakyzEANZn_6lqTAOBwu0WQKlEAOaQTbC=w408-h723-k-no"	"8"	"0"	"0"
"El Rus Entrepans"	"Bocater√≠a"	"4,1"	"1.080"				"11:00 a 1:30"	"De 18:00 a 0:30"	"De 18:00 a 0:30"	"De 18:00 a 0:30"	"De 18:00 a 0:30"	"De 11:00 a 1:30"	"De 11:00 a 1:30"	""	"FJ6G+H3 Valencia"	"Carrer de Sueca, 35, 46006 Val√®ncia, Valencia"	"Valencia"	"Valencia"	"elrusrestaurante.com"	"625 07 31 94"	""	"No"	"39.4614559"	"-0.3748722"	"https://g.page/el-rus-restaurante?share"	""	"https://lh5.googleusercontent.com/p/AF1QipNje7NB2jH41vZHuhALU97Xzuq1Ru3aI8mmzSsI=w408-h408-k-no"	"9"	"0"	"0"
"El Mundo 26"	"Bar"	"4,2"	"158"				"17:00 a 24:00"	"Cerrado"	"De 17:00 a 1:30"	"De 17:00 a 1:30"	"De 17:00 a 1:30"	"De 17:00 a 2:00"	"De 17:00 a 2:00"	""	"FJ6F+HM Valencia"	"Carrer de Puerto Rico, 26, 46006 Val√®ncia, Valencia"	"Valencia"	"Valencia"	""	"963 62 05 09"	""	"No"	"39.4614105"	"-0.3757537"	"https://goo.gl/maps/caovjND7SHRky1cUA"	""	"https://lh5.googleusercontent.com/p/AF1QipMPrk0T1n9bgrgl66XzqEuL_ID_-cUHhBk73LzH=w426-h240-k-no"	"10"	"0"	"0"
"Caf√© Tula"	"Bar"	"4,0"	"431"				"De 16:30 a 1:30"	"Cerrado"	"Cerrado"	"Cerrado"	"De 10:00 a 15:00,De 17:00 a 1:30"	"De 10:00 a 15:00,De 16:30 a 1:30"	"De 10:00 a 15:00,De 16:30 a 1:30"	""	"FJ6G+9P Valencia"	"Carrer de Cadis, 62, 46006 Val√®ncia, Valencia"	"Valencia"	"Valencia"	"tulacafe.es"	""	""	"No"	"39.460913"	"-0.3731434"	"https://goo.gl/maps/7Fu1vj9sFDu1cXUU6"	""	"https://lh5.googleusercontent.com/p/AF1QipMx2pFJsAPpzM2Kbp3QMLiFmkZl5bruJcUl-b52=w408-h262-k-no"	"11"	"0"	"0"
"Flash"	"Pub"	"3,7"	"330"				"17:00 a 23:00"	"Cerrado"	"Cerrado"	"Cerrado"	"Cerrado"	"De 17:00 a 23:00"	"De 17:00 a 23:00"	""	"FJ6F+XH Valencia"	"Carrer de Sueca, 19, 46004 Val√®ncia, Valencia"	"Valencia"	"Valencia"	""	""	""	"No"	"39.4624673"	"-0.3759481"	"https://goo.gl/maps/h8XdZrXPQvCJRVe87"	""	"https://lh5.googleusercontent.com/p/AF1QipO3znN8E3zVliTSFiYv6rKeLGYa2giGIsdPERs-=w408-h544-k-no"	"12"	"0"	"0"
"La Boba y el Gato Rancio"	"Bar gay"	"4,6"	"658"				"19:00 a 1:00"	"Cerrado"	"De 17:30 a 1:00"	"De 19:00 a 1:00"	"De 19:00 a 1:00"	"De 19:00 a 2:30"	"De 19:00 a 2:30"	""	"FJ5F+QW Valencia"	"C. de Cuba, 59, 46006 Val√®ncia, Valencia"	"Valencia"	"Valencia"	""	"962 06 63 54"	""	"No"	"39.4594426"	"-0.3751618"	"https://goo.gl/maps/q6G7T9FbbJr74zJWA"	""	"https://lh5.googleusercontent.com/p/AF1QipPklWNE3SOnSl161XpLYC_vzlb5n7M2NHY5zdTm=w408-h510-k-no"	"13"	"0"	"0"
"Bar The Corner"	"Bar de tapas"	"3,8"	"101"				"8:00 a 24:00"	"De 7:00 a 24:00"	"De 7:00 a 24:00"	"De 7:00 a 24:00"	"De 7:00 a 24:00"	"De 7:00 a 1:00"	"De 7:30 a 1:00"	""	"FJ6C+CJ Valencia"	"Carrer de les Filipines, 5, bajo, 46006 Valencia"	"Valencia"	"Valencia"	""	"647 87 23 83"	""	"No"	"39.4610981"	"-0.37848"	"https://goo.gl/maps/prV4tPpyDXYwQzKv9"	""	"https://lh5.googleusercontent.com/p/AF1QipPOe9dU8HLd2pOdc8qRrXwO95Eg9ex0phHjlz8=w408-h306-k-no"	"14"	"0"	"0"
"Delorean Lounge Ruzafa"	"Pub"	"4,1"	"868"				"17:30 a 3:00"	"Cerrado"	"Cerrado"	"Cerrado"	"De 19:00 a 3:00"	"De 17:30 a 3:00"	"De 16:30 a 3:00"	""	"FJ7F+HQ Valencia"	"Gran Via de les Germanies, 23, 46006 Valencia"	"Valencia"	"Valencia"	"deloreanlounge.com"	"696 64 29 96"	""	"No"	"39.4639099"	"-0.3755526"	"https://g.page/deloreanloungeruzafa?share"	""	"https://lh5.googleusercontent.com/p/AF1QipPX3T7t_PVJWLbqMaQ2Yp78iRmhVoBcqvINPK5v=w408-h306-k-no"	"15"	"0"	"0"
"La Buler√≠a Tablao Flamenco"	"Restaurante de cocina espa√±ola"	"4,6"	"649"				"Cerrado"	"Cerrado"	"Cerrado"	"Cerrado"	"De 20:00 a 22:30"	"De 20:00 a 22:30"	"De 20:00 a 22:30"	""	"FJ5M+8J Valencia"	"Carrer del Bisbe Jaume P√©rez, 24, 46006 Val√®ncia, Valencia"	"Valencia"	"Valencia"	"labuleria.com"	""	""	"No"	"39.4583477"	"-0.3658752"	"https://g.page/labuleriavalencia?share"	""	"https://lh5.googleusercontent.com/p/AF1QipPtoYcLdk1odEnoz2Q6XKm-Baktcy7Aoo0Mc0d7=w480-h240-k-no"	"16"	"0"	"0"
"La Pizarra"	"Restaurante"	"4,0"	"619"				"8:00 a 1:30"	"De 8:00 a 1:30"	"De 8:00 a 1:30"	"De 8:00 a 1:30"	"De 8:00 a 1:30"	"De 8:00 a 1:30"	"De 8:00 a 1:30"	""	"FJ6H+87 Valencia"	"Carrer dels Vivons, 20, 46004 Val√®ncia, Valencia"	"Valencia"	"Valencia"	""	"963 81 24 18"	""	"No"	"39.4607779"	"-0.3718669"	"https://goo.gl/maps/enLLPNLVvQY98Fx9A"	""	"https://lh5.googleusercontent.com/p/AF1QipMZIhSC5XzYOV4AwrWbOf9qukvXK8Pb4NH0_1PJ=w426-h240-k-no"	"17"	"0"	"0"
"Bar Terraza"	"Bar"	"4,5"	"138"				"10:00 a 2:00"	"Cerrado"	"De 9:00 a 2:00"	"De 9:00 a 2:00"	"De 9:00 a 2:00"	"De 9:00 a 2:00"	"De 10:00 a 2:00"	""	"FJ7F+V4 Valencia"	"Calle Alcoi #1, bajo izquierdo, 46004 Valencia"	"Valencia"	"Valencia"	""	"637 89 90 44"	""	"No"	"39.4646847"	"-0.3772541"	"https://goo.gl/maps/PsC3E9cW6z6D9FPD8"	""	"https://lh5.googleusercontent.com/p/AF1QipPq5zZ8m1G6LPInetl71kECgALqtGLZR11_o1G3=w533-h240-k-no"	"18"	"0"	"0"
"Bar Chaplin"	"Bar"	"3,8"	"17"				"11:30 a 0:30"	"De 11:30 a 0:30"	"De 11:30 a 0:30"	"De 11:30 a 0:30"	"De 11:30 a 0:30"	"De 11:30 a 0:30"	"De 11:30 a 0:30"	""	"FJ7F+2P Valencia"	"Carrer de Sueca, 17, 46006 Val√®ncia, Valencia"	"Valencia"	"Valencia"	""	""	""	"No"	"39.4625546"	"-0.3757028"	"https://goo.gl/maps/6R1xGPBdBcSDJEdy6"	""	"https://lh5.googleusercontent.com/p/AF1QipPxqIbq-Lb9kIq4FiVJfqSKBCsdh-rVS62h86Ea=w408-h544-k-no"	"19"	"0"	"0"
"El Rebujito"	"Taberna"	"3,7"	"650"				"10:00 a 1:00"	"De 10:00 a 1:00"	"De 10:00 a 1:00"	"De 10:00 a 1:00"	"De 10:00 a 1:00"	"De 10:00 a 1:00"	"De 10:00 a 1:00"	""	"FJ5H+X4 Valencia"	"Carrer de Cadis, 71, 46006 Val√®ncia, Valencia"	"Valencia"	"Valencia"	""	""	""	"No"	"39.4599919"	"-0.3721625"	"https://goo.gl/maps/sYY41NqCGFzyK3CB7"	""	"https://lh5.googleusercontent.com/p/AF1QipOpabnlUAvj6qRyZ7Qvx8pcsI719GqueniEYPUm=w408-h269-k-no"	"20"	"0"	"0"
"Bar Verm√∫dez"	"Bar de tapas"	"4,4"	"1.096"				"Cerrado"	"De 20:00 a 23:00"	"De 20:00 a 23:00"	"De 20:00 a 23:00"	"De 13:00 a 16:00,De 20:00 a 23:00"	"De 13:00 a 16:00,De 20:00 a 24:00"	"De 13:00 a 24:00"	""	"FJ6F+XH Valencia"	"Carrer de Sueca, 16, 46004 Val√®ncia, Valencia"	"Valencia"	"Valencia"	"instagram.com"	"963 03 47 74"	""	"No"	"39.4625001"	"-0.3760504"	"https://g.page/bar_vermudez?share"	""	"https://lh5.googleusercontent.com/p/AF1QipMpeVbf2fjTbo98fuanI648veLDvyp5qTL7j3yR=w408-h272-k-no"	"21"	"0"	"0"
"Masusa paella bar"	"Bar de tapas"	"4,4"	"920"				"12:00 a 24:00"	"De 12:00 a 24:00"	"Cerrado"	"De 12:00 a 24:00"	"De 12:00 a 24:00"	"De 12:00 a 0:30"	"De 12:00 a 0:30"	""	"FJ6G+36 Valencia"	"Carrer del Literat Azor√≠n, 17, 46006 Val√®ncia, Valencia"	"Valencia"	"Valencia"	"masusapaellabar.com"	"611 67 68 26"	""	"No"	"39.4601841"	"-0.3744446"	"https://g.page/masusapaellabar?share"	""	"https://lh5.googleusercontent.com/p/AF1QipOiRDOqDmaZbue7Yj0F1lqt97ioNjGqFkX0OHJb=w408-h544-k-no"	"22"	"0"	"0"
"Bar Gardens"	"Bar de tapas"	"4,4"	"264"				"Cerrado"	"De 8:00 a 24:00"	"De 8:00 a 24:00"	"De 8:00 a 24:00"	"De 8:00 a 24:00"	"De 8:00 a 1:00"	"De 8:00 a 24:00"	""	"FJ6G+7P Valencia"	"Carrer del Literat Azor√≠n, 1, 46006 Val√®ncia, Valencia"	"Valencia"	"Valencia"	""	"963 73 99 73"	""	"No"	"39.46075"	"-0.3731823"	"https://goo.gl/maps/PDhZUNCDfcLL4EM36"	""	"https://lh5.googleusercontent.com/p/AF1QipOrhBE6JbuV45Hijl2p7ZrN5gDqpvkPdj1kE-u5=w408-h306-k-no"	"23"	"0"	"0"
"Restaurante Casa Amadeo"	"Bar de tapas"	"3,9"	"705"				"10:00 a 1:00"	"De 9:00 a 1:00"	"De 9:00 a 1:00"	"De 9:00 a 1:00"	"De 9:00 a 1:00"	"De 9:00 a 1:00"	"De 10:00 a 1:00"	""	"FJ6F+RM Valencia"	"Carrer de Sueca, 22, 46006 Val√®ncia, Valencia"	"Valencia"	"Valencia"	"restaurantecasaamadeo.com"	"963 44 03 52"	""	"No"	"39.4621341"	"-0.3757208"	"https://g.page/restaurantecasaamadeo?share"	""	"https://lh5.googleusercontent.com/p/AF1QipMJMsVCRVP6ZURHBjF702zt7mbIOpClfP29PoJw=w408-h725-k-no"	"24"	"0"	"0"
"La Taberna de Ruzafa"	"Restaurante"	"4,2"	"509"				"16:00 a 1:00"	"De 16:00 a 0:30"	"De 17:00 a 1:00"	"De 16:00 a 1:00"	"De 16:00 a 1:00"	"De 17:00 a 1:30"	"De 11:00 a 1:30"	""	"FJ6G+V9 Valencia"	"Carrer de Cadis, 42, 46004 Val√®ncia, Valencia"	"Valencia"	"Valencia"	"la-taberna-de-ruzafa.eatbu.com"	"633 44 07 09"	""	"No"	"39.4621552"	"-0.374037"	"https://goo.gl/maps/56aqjnJvXNhRzq76A"	""	"https://lh5.googleusercontent.com/p/AF1QipPW05XiGeTacIAdukVjgQ19eEQZEKMZS2-jZ_TG=w408-h544-k-no"	"25"	"0"	"0"
"Zalamero | Coquer√≠a Ruzafa"	"Restaurante"	"4,7"	"191"				"De 20:00 a 22:30"	"Cerrado"	"Cerrado"	"De 20:00 a 23:30"	"De 20:00 a 23:30"	"De 20:00 a 23:30"	"De 13:30 a 16:00,De 20:00 a 24:00"	""	"FJ7G+9C Valencia"	"Carrer de Sevilla, 20, 46006 Val√®ncia, Valencia"	"Valencia"	"Valencia"	"zalamerobar.com"	"960 48 60 42"	""	"No"	"39.463494"	"-0.373947"	"https://g.page/zalameroruzafa?share"	""	"https://lh5.googleusercontent.com/p/AF1QipNjkgcjQiov0uC9Mv9NqeFR_R-sP5nkl7xIFea9=w425-h240-k-no"	"26"	"0"	"0"
"Bar Uni√≥n Tapeo Argentino"	"Restaurante"	"4,3"	"157"				"De 20:00 a 24:00"	"Cerrado"	"De 19:00 a 23:30"	"De 19:00 a 24:00"	"De 19:00 a 24:00"	"De 19:00 a 24:00"	"De 13:00 a 17:00,De 19:00 a 24:00"	""	"FJ6F+C8 Valencia"	"Carrer de Puerto Rico, 38, 46006 Val√®ncia, Valencia"	"Valencia"	"Valencia"	"barunion.eltenedor.rest"	"679 75 30 83"	""	"No"	"39.461045"	"-0.3767316"	"https://g.page/BarUnionLaboratorio?share"	""	"https://lh5.googleusercontent.com/p/AF1QipMCW7LcNs3eHa-J0xMH13Knpxf4M5mrPAVMedDi=w408-h408-k-no"	"27"	"0"	"0"
"Bar La Llatja"	"Bar"	"4,8"	"4"				"19:30 a 24:00"	"De 7:30 a 22:00"	"De 19:30 a 22:00"	"Cerrado"	"De 19:30 a 24:00"	"De 19:30 a 23:30"	"De 19:30 a 23:30"	""	"FJ7F+3G Valencia"	"Carrer de Sueca, 14, 46004 Val√®ncia, Valencia"	"Valencia"	"Valencia"	"bar-la-llatja.eatbu.com"	"632 59 80 68"	""	"No"	"39.4627649"	"-0.3761498"	"https://goo.gl/maps/nigP9T9DiojvtYSr6"	""	"https://streetviewpixels-pa.googleapis.com/v1/thumbnail?panoid=x7a1saotr851XF2zNkZRpQ&cb_client=search.gws-prod.gps&w=408&h=240&yaw=226.16852&pitch=0&thumbfov=100"	"28"	"0"	"0"
"La Catrina Cocktails &amp; Rock"	"Cocteler√≠a"	"4,5"	"511"				"20:00 a 1:00"	"De 20:00 a 0:30"	"De 20:00 a 0:30"	"De 20:00 a 0:30"	"De 18:00 a 1:30"	"De 18:00 a 1:30"	"De 18:00 a 1:30"	""	"FJ6G+HM Valencia"	"Carrer de Cadis, 54, 46006 Val√®ncia, Valencia"	"Valencia"	"Valencia"	"lacatrina-cocktails-rock.com"	"608 79 28 30"	""	"No"	"39.461416"	"-0.373352"	"https://goo.gl/maps/MaHEY8Cvws1bVNE28"	""	"https://lh5.googleusercontent.com/p/AF1QipN8oMYcPwJX0Zq3vKI0FaaLLE2D10kAnCMQ4o3Q=w408-h272-k-no"	"29"	"0"	"0"
"Liverpool"	"Pub"	"4,3"	"949"				"Cerrado"	"Cerrado"	"De 19:00 a 3:30"	"De 19:00 a 3:30"	"De 19:00 a 3:30"	"De 19:00 a 3:30"	"De 13:00 a 3:30"	""	"FJ5G+FP Valencia"	"Carrer de Sueca, 74, 46006 Val√®ncia, Valencia"	"Valencia"	"Valencia"	""	"961 14 42 78"	""	"No"	"39.4586628"	"-0.3732573"	"https://g.page/Liverpool-Russafa-VLC?share"	""	"https://lh5.googleusercontent.com/p/AF1QipPecpt24vaphUqQb4UrtXgMZs2bJJsitbLDcJui=w408-h306-k-no"	"30"	"0"	"0"
"La Cooperativa del mar"	"Marisquer√≠a"	"4,5"	"627"				"De 19:00 a 24:00"	"De 19:00 a 24:00"	"De 19:00 a 24:00"	"De 19:00 a 24:00"	"De 19:00 a 24:00"	"De 19:00 a 1:00"	"De 12:30 a 16:00,De 19:00 a 1:00"	""	"FJ6G+44 Valencia"	"Carrer del Literat Azor√≠n, 18, 46006 Val√®ncia, Valencia"	"Valencia"	"Valencia"	""	"963 22 44 42"	""	"No"	"39.4603059"	"-0.3746327"	"https://goo.gl/maps/HRF5GkvHQsTV1QdXA"	""	"https://lh5.googleusercontent.com/p/AF1QipPtHtUjeB9sPInb2hfAOU9Coeqav7toaj6LzT6n=w408-h510-k-no"	"31"	"0"	"0"
"Bulevar,79 comidas paraguayas"	"Bar"	"4,4"	"245"				"9:00 a 23:00"	"De 9:00 a 17:00"	"De 9:00 a 22:30"	"De 9:00 a 22:30"	"De 9:00 a 22:30"	"De 9:00 a 0:30"	"De 9:00 a 1:00"	""	"FJ5G+68 Valencia"	"C. de Cuba, 79, 46004 Val√®ncia, Valencia"	"Valencia"	"Valencia"	""	"633 62 70 64"	""	"No"	"39.4580741"	"-0.3742136"	"https://g.page/bulevar-79?share"	""	"https://lh5.googleusercontent.com/p/AF1QipMEzATB0GfEw9Z1MNkKfVTtw4OLfvzh2394sie0=w408-h306-k-no"	"32"	"0"	"0"
"La Flaca de Ruzafa"	"Restaurante"	"4,2"	"964"				"10:00 a 24:00"	"De 10:00 a 24:00"	"De 10:00 a 24:00"	"De 10:00 a 24:00"	"De 10:00 a 24:00"	"De 10:00 a 24:00"	"De 10:00 a 24:00"	""	"FJ6F+GF Valencia"	"Carrer de Puerto Rico, 34, 46006 Val√®ncia, Valencia"	"Valencia"	"Valencia"	"laflacaderuzafa.com"	"963 41 82 72"	""	"No"	"39.4612507"	"-0.3762867"	"https://g.page/laflacaderuzafa?share"	""	"https://lh5.googleusercontent.com/p/AF1QipP8LhjQqc1uJUHYpO8LHIRdznfZ_8DWMGGVsxZO=w408-h252-k-no"	"33"	"0"	"0"
"Ubik Caf√© Cafeter√≠a Librer√≠a"	"Cafeter√≠a"	"4,3"	"2.989"				"11:00 a 1:30"	"De 17:00 a 1:30"	"De 17:00 a 1:30"	"De 11:00 a 1:30"	"De 11:00 a 1:30"	"De 11:00 a 1:30"	"De 11:00 a 1:30"	""	"FJ6G+5C Valencia"	"Carrer del Literat Azor√≠n, 13, 46003 Val√®ncia, Valencia"	"Valencia"	"Valencia"	""	"963 74 12 55"	""	"No"	"39.4604453"	"-0.3738955"	"https://g.page/ubikcafe?share"	""	"https://lh5.googleusercontent.com/p/AF1QipPkJjsa7ViIWKYxFEcG3zm2-rpoduf4wvdkBIlb=w427-h240-k-no"	"34"	"0"	"0"
"EL DESV√ÅN"	"Bar"	"4,2"	"203"				"12:00 a 18:00"	"De 10:00 a 0:30"	"De 10:00 a 0:30"	"De 10:00 a 0:30"	"De 10:00 a 0:30"	"De 10:00 a 0:30"	"De 11:00 a 0:30"	""	"FJ6G+R8 Valencia"	"Carrer de Puerto Rico, 4, 46006 Val√®ncia, Valencia"	"Valencia"	"Valencia"	""	""	""	"No"	"39.462073"	"-0.3741934"	"https://goo.gl/maps/mamttKZHFZUcuq8S7"	""	"https://lh5.googleusercontent.com/p/AF1QipNkdcmIC7zTA5PVpOmZmLNO6KqLvwx8aXtxwypm=w408-h271-k-no"	"35"	"0"	"0"
"Bar Cafeter√≠a La Sillita de la Reina"	"Bar de tapas"	"4,4"	"236"				"Cerrado"	"De 10:00 a 18:00"	"De 10:00 a 18:00"	"De 10:00 a 18:00"	"De 10:00 a 18:00"	"De 10:00 a 18:00"	"De 11:00 a 18:00"	""	"FJ6H+M6 Valencia"	"Carrer dels Tomasos, 17, Bajo, 46006 Val√®ncia, Valencia"	"Valencia"	"Valencia"	"monicahp90.wix.com"	"691 38 74 52"	""	"No"	"39.4617339"	"-0.371917"	"https://goo.gl/maps/AF6LG5tvA3CcVY3ZA"	""	"https://lh5.googleusercontent.com/p/AF1QipOSLDit5GBfvxx9EqK07EZM2czx98s3RmA3kvdL=w408-h306-k-no"	"36"	"0"	"0"
"A menos cuarto"	"Bar restaurante"	"3,6"	"16"				"11:00 a 24:00"	"Cerrado"	"De 19:00 a 24:00"	"De 19:00 a 24:00"	"De 19:00 a 24:00"	"De 11:00 a 24:00"	"De 11:00 a 24:00"	""	"FJ6G+Q9 Valencia"	"Carrer de Puerto Rico, 3, 46004 Val√®ncia, Valencia"	"Valencia"	"Valencia"	""	""	""	"No"	"39.4619456"	"-0.3739962"	"https://goo.gl/maps/FGHaCoHC6YHqBrHf7"	""	"https://lh5.googleusercontent.com/p/AF1QipNu_E24e7RPTIijpcruLAEz1dUTvmONQ0ixoDNu=w426-h240-k-no"	"37"	"0"	"0"
"La Anjana"	"Bar de tapas"	"4,4"	"461"				""	" "	" "	" "	" "	" "	""	""	"FJ6H+57 Valencia"	"Carrer dels Vivons, 23, 46006 Val√®ncia, Valencia"	"Valencia"	"Valencia"	""	"627 99 32 76"	""	"No"	"39.4604566"	"-0.3718391"	"https://g.page/LaAnjana?share"	""	"https://lh5.googleusercontent.com/p/AF1QipPH6s23lhtlEkDwrG2vFu_4nuYRZ5b8q9C9po7i=w408-h544-k-no"	"38"	"0"	"0"
"Bar Perell√≥"	"Bar"	"3,8"	"154"				"8:00 a 23:45"	"De 7:00 a 23:45"	"De 7:00 a 23:45"	"De 7:00 a 23:45"	"De 7:00 a 23:45"	"De 7:00 a 23:45"	"De 7:30 a 23:45"	""	"FJ6J+JQ Valencia"	"Carrer de Matias Perell√≥, 23, 46005 Val√®ncia, Valencia"	"Valencia"	"Valencia"	""	""	""	"No"	"39.4615072"	"-0.3681217"	"https://goo.gl/maps/XVrw8G5cQqbEiRmh6"	""	"https://lh5.googleusercontent.com/p/AF1QipOn01vLfuaX5As3Oke9SEfinkJR7tYHnX-iqHpU=w426-h240-k-no"	"39"	"0"	"0"
"Red Red Wine"	"Bar restaurante"	"4,3"	"187"				"10:00 a 23:30"	"De 9:30 a 24:00"	"Cerrado"	"De 9:30 a 24:00"	"De 9:30 a 24:00"	"De 9:30 a 24:00"	"De 10:00 a 1:30"	""	"FJ5H+P2 Valencia"	"Carrer dels Centelles, 27, 46004 Val√®ncia, Valencia"	"Valencia"	"Valencia"	"redredwinevlc.wixsite.com"	"602 33 57 46"	""	"No"	"39.4593335"	"-0.3724533"	"https://g.page/Redredwine?share"	""	"https://lh5.googleusercontent.com/p/AF1QipMtb6vMqHsM8FylcFKUi4FlnLFUrQW1JwAMXeoK=w427-h240-k-no"	"40"	"0"	"0"
"Radio Transito"	"Pub"	"4,0"	"930"				"Cerrado"	"Cerrado"	"Cerrado"	"Cerrado"	"De 17:00 a 21:30,De 23:00 a 3:30"	"De 17:00 a 21:30,De 23:00 a 3:30"	"De 17:00 a 3:00"	""	"FJ6G+8J Valencia"	"Carrer del Literat Azor√≠n, 6, 46006 Val√®ncia, Valencia"	"Valencia"	"Valencia"	"radiotransito.es"	"963 41 71 08"	""	"No"	"39.4608021"	"-0.3734012"	"https://goo.gl/maps/tU5kYbwEnQVvV1QK7"	""	"https://lh5.googleusercontent.com/p/AF1QipOZbGePIn34Oo-Zo7rXKpAKXNNyV6wwEKhQmqfa=w408-h273-k-no"	"41"	"0"	"0"
"C50 Ruzafa Lounge"	"Bar musical"	"4,0"	"302"				"Cerrado"	"Cerrado"	"Cerrado"	"Cerrado"	"De 23:00 a 3:00"	"De 23:00 a 3:00"	"De 16:30 a 21:00,De 23:00 a 3:00"	""	"FJ6G+JJ Valencia"	"Carrer de Cadis, 50, 46004 Val√®ncia, Valencia"	"Valencia"	"Valencia"	""	"647 61 76 74"	""	"No"	"39.4616124"	"-0.3734923"	"https://g.page/c50ruzafalounge?share"	""	"https://lh5.googleusercontent.com/p/AF1QipN-j3ue4c9eL0HY8WZR7IkogVEMgPsQmEOrKEbp=w408-h306-k-no"	"42"	"0"	"0"
"BAR SUECA - Comida Aut√©ntica China"	"Restaurante chino"	"4,3"	"143"				"De 19:30 a 24:00"	"Cerrado"	"De 11:30 a 16:30,De 19:30 a 24:00"	"De 11:30 a 16:30,De 19:30 a 24:00"	"De 11:30 a 16:30,De 19:30 a 24:00"	"De 11:30 a 16:30,De 19:30 a 24:00"	"De 11:30 a 16:30,De 19:30 a 24:00"	""	"FJ5G+VH Valencia"	"Carrer de Sueca, 65, 46004 Val√®ncia, Valencia"	"Valencia"	"Valencia"	""	"963 35 35 74"	""	"No"	"39.4596258"	"-0.3736992"	"https://goo.gl/maps/63zC7TiZQG5DLvf46"	""	"https://lh5.googleusercontent.com/p/AF1QipM8mcmzNrmvxprc4qjCzkIE-qjI49f5qTYYOWp1=w426-h240-k-no"	"43"	"0"	"0"
"Malvaloca"	"Taberna"	"4,0"	"313"				"De 18:30 a 1:00"	"Cerrado"	"Cerrado"	"Cerrado"	"Cerrado"	"De 18:30 a 1:30"	"De 16:30 a 1:30"	""	"FJ6F+MR Valencia"	"Carrer de Sueca, 30, 46006 Val√®ncia, Valencia"	"Valencia"	"Valencia"	""	"962 06 69 68"	""	"No"	"39.4616662"	"-0.3753944"	"https://goo.gl/maps/eRrhQZYirNXZSXdF7"	""	"https://lh5.googleusercontent.com/p/AF1QipMTH_Ppjii2iYERNypPvCYsmrFBYnMYTvODrfXI=w533-h240-k-no"	"44"	"0"	"0"
"La Mezcaler√≠a VLC"	"Restaurante mexicano"	"4,1"	"393"				"18:00 a 1:30"	"De 18:00 a 1:30"	"Cerrado"	"Cerrado"	"De 18:00 a 1:30"	"De 18:00 a 1:30"	"De 18:00 a 1:30"	""	"FJ6G+JV Valencia"	"Carrer de Carles Cervera, 34, 46006 Val√®ncia, Valencia"	"Valencia"	"Valencia"	"lamezcaleriavlc.com"	"963 03 47 84"	""	"No"	"39.4615015"	"-0.37285"	"https://goo.gl/maps/V4TZEB1WWCkVeibN8"	""	"https://lh5.googleusercontent.com/p/AF1QipMBzY_l-vHk0KRtLvA3I4CXOEdY_jPNzrc8ofgQ=w408-h725-k-no"	"45"	"0"	"0"
"PUB PlanetValencia"	"Pub"	"4,2"	"399"				"22:30 a 3:30"	"Cerrado"	"Cerrado"	"Cerrado"	"Cerrado"	"De 22:30 a 3:30"	"De 22:30 a 3:30"	""	"FJ5G+VF Valencia"	"Carrer de Sueca, 63, 46006 Val√®ncia, Valencia"	"Valencia"	"Valencia"	""	"615 57 86 44"	""	"No"	"39.4597301"	"-0.3737743"	"https://goo.gl/maps/u4LgC35nZ1vbmkyk8"	""	"https://lh5.googleusercontent.com/p/AF1QipMH3fWpzxZoVkbWcoOCtW7hqtX5BojF8QP202tg=w408-h544-k-no"	"46"	"0"	"0"
"Cocktail Bar Pessoa"	"Cocteler√≠a"	"4,4"	"287"				"16:00 a 22:00"	"De 18:00 a 1:30"	"De 18:00 a 1:30"	"De 18:00 a 1:30"	"De 18:00 a 1:30"	"De 16:00 a 2:00"	"De 16:00 a 2:00"	""	"FJ6G+9P Valencia"	"Carrer del Literat Azor√≠n, 2, 46006 Val√®ncia, Valencia"	"Valencia"	"Valencia"	""	"963 41 75 14"	""	"No"	"39.460895"	"-0.3731851"	"https://goo.gl/maps/AAiUDT51wR4oFqQ47"	""	"https://lh5.googleusercontent.com/p/AF1QipNtTqqSvDZIT2fywZ85zQE4m8gwHaNVZkf20Eh2=w408-h273-k-no"	"47"	"0"	"0"
"La Birra de Brian Ruzafa"	"Restaurante"	"4,2"	"376"				"Cerrado"	"Cerrado"	"Cerrado"	"Cerrado"	"De 18:00 a 0:30"	"De 18:00 a 2:30"	"De 18:00 a 2:30"	""	"FJ7F+GJ Valencia"	"Gran Via de les Germanies, 29, 46006 Valencia"	"Valencia"	"Valencia"	"labirradebrian.com"	"722 18 34 67"	""	"No"	"39.4637684"	"-0.3758893"	"https://goo.gl/maps/UHcC14zh1vrngvb9A"	""	"https://lh5.googleusercontent.com/p/AF1QipOwnTvlbtClGIap5kOK26G3YHo24JugFPRi7O3B=w408-h544-k-no"	"48"	"0"	"0"
"La Consentida"	"Taberna"	"4,1"	"386"				"Cerrado"	"Cerrado"	"Cerrado"	"Cerrado"	"De 19:00 a 0:30"	"De 19:00 a 0:30"	"De 19:00 a 0:30"	""	"FJ7G+39 Valencia"	"Carrer del Dr. Serrano, 22, 46004 Val√®ncia, Valencia"	"Valencia"	"Valencia"	""	"667 93 21 29"	""	"No"	"39.4627461"	"-0.3740569"	"https://goo.gl/maps/WgiDnUF7i2PZMxp79"	""	"https://lh5.googleusercontent.com/p/AF1QipNwBYJD9g-zsiciN9nKaQXfe4kg4s0ivThzXf8Y=w408-h306-k-no"	"49"	"0"	"0"
"Vidrio Vac√≠o de Novi Sad"	"Vinoteca"	"4,7"	"164"				"19:00 a 1:30"	"Cerrado"	"Cerrado"	"De 19:00 a 1:30"	"De 19:00 a 1:30"	"De 19:00 a 1:30"	"De 19:00 a 1:30"	""	"FJ6H+93 Valencia"	"C. de Romeu de Corbera, 16, 46006 Val√®ncia, Valencia"	"Valencia"	"Valencia"	""	""	""	"No"	"39.4609876"	"-0.3723699"	"https://goo.gl/maps/4in8S2KHrdb49dKj9"	""	"https://lh5.googleusercontent.com/p/AF1QipMf3aKTWVtprRsDfFzb-laenkX8RUtBBTpAP-X5=w408-h725-k-no"	"50"	"0"	"0"
"HANDMADE"	"Cocteler√≠a"	"4,7"	"116"				"Cerrado"	"Cerrado"	"De 19:00 a 23:30"	"De 19:00 a 23:30"	"De 19:00 a 23:30"	"De 17:00 a 23:30"	"De 17:00 a 23:30"	""	"FJ5F+RW Valencia"	"C. de Cuba, 59, 46004 Val√®ncia, Valencia"	"Valencia"	"Valencia"	""	"654 31 58 27"	""	"No"	"39.4595025"	"-0.3751771"	"https://goo.gl/maps/rfmb24UGasbmifht9"	""	"https://lh5.googleusercontent.com/p/AF1QipO1sGbMOtGVG5lqL9wxSNC7a7TQVcG6HtRv9x72=w426-h240-k-no"	"51"	"0"	"0"
"Restaurante D&apos; Otra Manera"	"Restaurante"	"4,7"	"186"				"De 19:00 a 0:30"	"De 13:00 a 17:00,De 19:00 a 24:00"	"Cerrado"	"Cerrado"	"De 13:00 a 17:00,De 19:00 a 0:30"	"De 13:00 a 17:00,De 19:00 a 0:30"	"De 13:00 a 17:00,De 19:00 a 0:30"	""	"FJ7G+HV Valencia"	"Carrer de Russafa, 45, Bajo Izquierdo, 46004 Valencia"	"Valencia"	"Valencia"	"dotramanera.es"	"600 08 37 65"	""	"No"	"39.4639683"	"-0.3727883"	"https://g.page/restaurante-d-otra-manera?share"	""	"https://lh5.googleusercontent.com/p/AF1QipOr_g7MqYBcSppc5Dfom3rxOb52FA2z-H1gtMbd=w408-h506-k-no"	"52"	"0"	"0"
"Bar Sorbo"	"Bar"	"3,7"	"37"				"8:00 a 24:00"	"De 7:30 a 24:00"	"De 7:30 a 24:00"	"De 7:30 a 24:00"	"De 7:30 a 24:00"	"De 7:30 a 24:00"	"De 7:30 a 24:00"	""	"FJ5G+RW Valencia"	"Carrer dels Centelles, 26, 46004 Val√®ncia, Valencia"	"Valencia"	"Valencia"	""	""	""	"No"	"39.4595527"	"-0.3726298"	"https://goo.gl/maps/UBazLgj8nv9tc9JQ7"	""	"https://streetviewpixels-pa.googleapis.com/v1/thumbnail?panoid=U-vh3SB4OUYh3vynZjw2vQ&cb_client=search.gws-prod.gps&w=408&h=240&yaw=339.55902&pitch=0&thumbfov=100"	"53"	"0"	"0"
"Ka√±a Makan"	"Restaurante mediterr√°neo"	"4,3"	"217"				"17:00 a 24:00"	"Cerrado"	"De 20:00 a 24:00"	"De 17:00 a 24:00"	"De 17:00 a 24:00"	"De 17:00 a 24:00"	"De 17:00 a 24:00"	""	"FJ5G+WF Valencia"	"Carrer de Sueca, 61, 46006 Val√®ncia, Valencia"	"Valencia"	"Valencia"	""	"960 15 07 96"	""	"No"	"39.4597884"	"-0.3738163"	"https://goo.gl/maps/4ra73gUaPfsa4M3eA"	""	"https://lh5.googleusercontent.com/p/AF1QipOKVMmGN-P6WXbI0fFCyG0_p6b1fDlY55MCkANC=w408-h306-k-no"	"54"	"0"	"0"
"HUME Russafa"	"Restaurante chino"	"4,6"	"117"				"Cerrado"	"De 8:30 a 23:30"	"De 8:30 a 23:30"	"De 8:30 a 23:30"	"De 8:30 a 23:30"	"De 8:30 a 24:00"	"De 11:30 a 24:00"	""	"FJ6H+Q6 Valencia"	"Pl. del Bar√≥ de Cort√©s, 20, 46006 Val√®ncia, Valencia"	"Valencia"	"Valencia"	""	"644 63 95 20"	""	"No"	"39.461939"	"-0.371942"	"https://goo.gl/maps/gJfCt66EM3eqZWfp9"	""	"https://lh5.googleusercontent.com/p/AF1QipOizvtS_ps9ncJ_z8xVym2RQ_Baj81VfoUNFmsW=w408-h306-k-no"	"55"	"0"	"0"
"Jardin Urbano"	"Restaurante vegano"	"4,2"	"1.010"				"10:00 a 0:30"	"De 10:00 a 0:30"	"De 10:00 a 0:30"	"De 10:00 a 0:30"	"De 10:00 a 0:30"	"De 10:00 a 0:30"	"De 10:00 a 0:30"	""	"FJ7J+2H Valencia"	"Carrer de Pere III el Gran, 26, 46005 Val√®ncia, Valencia"	"Valencia"	"Valencia"	"jardinurbano.club"	"658 54 36 57"	""	"No"	"39.4626225"	"-0.3686013"	"https://goo.gl/maps/9D1BNb4YpBgAFuNb8"	""	"https://lh5.googleusercontent.com/p/AF1QipMSHaZYq2TjkDLA3N3r0WRNPDju-gfZscnJWMyk=w427-h240-k-no"	"56"	"0"	"0"
"Bar Mercado de Ruzafa"	"Bar"	"4,7"	"3"				""	" "	" "	" "	" "	" "	""	""	"FJ6H+VF Valencia"	"46005 Valencia"	"Valencia"	"Valencia"	"mercatderussafa.com"	"690 21 64 75"	""	"No"	"39.4618979"	"-0.3716866"	"https://goo.gl/maps/Nj1euiwtms9LwHAaA"	""	"https://lh5.googleusercontent.com/p/AF1QipMHH1X9Uj4h5kveTUxl0K4JY4SziZM0KklUIRtt=w408-h282-k-no"	"57"	"0"	"0"
"CRONNO"	"Bar"	"4,5"	"20"				"Cerrado"	"Cerrado"	"Cerrado"	"Cerrado"	"Cerrado"	"De 17:00 a 1:30"	"De 17:00 a 1:30"	""	"FJ6H+85 Valencia"	"C. de Romeu de Corbera, 9, 46006 Val√®ncia, Valencia"	"Valencia"	"Valencia"	""	"682 71 27 22"	""	"No"	"39.4608091"	"-0.3720634"	"https://goo.gl/maps/q9tzH7Q6B7DSrmzJ9"	""	"https://lh5.googleusercontent.com/p/AF1QipPvkU2420zMZTvzRkmpxooe-SEQpKP9p1QmNhYe=w408-h544-k-no"	"58"	"0"	"0"
"Bar chino barato en ruzafa"	"Bar"	""	""				""	" "	" "	" "	" "	" "	""	""	"FJ6F+XH Valencia"	"Carrer de Sueca, 16, 46004 Val√®ncia, Valencia"	"Valencia"	"Valencia"	""	""	""	"No"	"39.4624814"	"-0.3760948"	"https://goo.gl/maps/tAPuAPAywBZg6LSv5"	""	"https://streetviewpixels-pa.googleapis.com/v1/thumbnail?panoid=feBXiUBIZxSQJ6bQzd93nQ&cb_client=search.gws-prod.gps&w=408&h=240&yaw=139.64905&pitch=0&thumbfov=100"	"59"	"0"	"0"
"Viva la Pepa"	"Pub"	"4,2"	"325"				"Cerrado"	"Cerrado"	"Cerrado"	"Cerrado"	"Cerrado"	"De 23:30 a 3:30"	"De 23:30 a 3:30"	""	"FJ6H+R2 Valencia"	"Carrer de Moss√®n Femenia, 3, 46004 Val√®ncia, Valencia"	"Valencia"	"Valencia"	""	"675 88 50 09"	""	"No"	"39.4620741"	"-0.3724537"	"https://g.page/vivalapepavalencia?share"	""	"https://lh5.googleusercontent.com/p/AF1QipPuQUprzHcboM6mUDfDUzNMIQn8c5o9gbcwDwX_=w426-h240-k-no"	"60"	"0"	"0"
"üçΩ El Camerino Ruzafa - Restaurante Mediterr√°neo"	"Restaurante mediterr√°neo"	"4,5"	"2.116"				"De 19:30 a 24:00"	"De 14:00 a 16:30"	"Cerrado"	"De 19:30 a 24:00"	"De 19:30 a 24:00"	"De 19:30 a 24:00"	"De 13:30 a 17:00,De 20:30 a 24:00"	""	"FJ6G+WP Valencia"	"Carrer de Moss√®n Femenia, 16, 46006 Val√®ncia, Valencia"	"Valencia"	"Valencia"	"elcamerinoruzafa.com"	"658 61 76 25"	""	"No"	"39.4622617"	"-0.3732323"	"https://g.page/ElCamerinoRuzafa?share"	""	"https://lh5.googleusercontent.com/p/AF1QipO4-G6E7C3MY4dWLgSbKuEnacFJwkblvIzysXiD=w408-h268-k-no"	"61"	"0"	"0"
"Mare Meua Bar de Tapas"	"Bar de tapas"	"4,0"	"607"				"Cerrado"	"Cerrado"	"Cerrado"	"De 19:00 a 0:30"	"De 19:00 a 0:30"	"De 19:00 a 0:30"	"De 13:30 a 0:30"	""	"FJ6G+MR Valencia"	"Carrer dels Tomasos, 7, 46006 Val√®ncia, Valencia"	"Valencia"	"Valencia"	""	"611 19 95 02"	""	"No"	"39.4617475"	"-0.3728763"	"https://g.page/MareMeua?share"	""	"https://lh5.googleusercontent.com/p/AF1QipP0eVoW7lPV3lgCDmX7PmQNp9AgY0OdmGlpapyB=w408-h306-k-no"	"62"	"0"	"0"
"Loft 41, Valencia, Ruzafa"	"Restaurante"	"4,9"	"8"				"9:00 a 23:30"	"De 9:00 a 23:30"	"De 9:00 a 23:30"	"De 9:00 a 23:30"	"De 9:00 a 23:30"	"De 9:00 a 23:30"	"De 9:00 a 23:30"	""	"FJ6F+75 Valencia"	"Carrer de Puerto Rico, 41, 46004 Val√®ncia, Valencia"	"Valencia"	"Valencia"	""	"675 63 00 57"	""	"No"	"39.4606221"	"-0.3770752"	"https://goo.gl/maps/2wJ4wuSFdwBerq6BA"	""	"https://streetviewpixels-pa.googleapis.com/v1/thumbnail?panoid=oTGejUhiHuHXsGXGq8_M6Q&cb_client=search.gws-prod.gps&w=408&h=240&yaw=135.80943&pitch=0&thumbfov=100"	"63"	"0"	"0"
"Hd* Bar Pepito"	"Bar"	""	""				""	" "	" "	" "	" "	" "	""	""	"FJ8G+2F Valencia"	"Carrer de Russafa, 46005 Val√®ncia, Valencia"	"Valencia"	"Valencia"	"hd-bar-pepito.eatbu.com"	"635 89 77 95"	""	"No"	"39.4650807"	"-0.3737549"	"https://goo.gl/maps/ZsXZxY9Rv9ujiPbM6"	""	"https://streetviewpixels-pa.googleapis.com/v1/thumbnail?panoid=rAyKK9xgAYbygqu2XDc9Qw&cb_client=search.gws-prod.gps&w=408&h=240&yaw=58.812183&pitch=0&thumbfov=100"	"64"	"0"	"0"
"Carpe Noctem"	"Pub"	"4,1"	"241"				""	" "	" "	" "	" "	" "	""	""	"FJ5H+Q8 Valencia"	"Carrer de Cadis, 75, 46004 Val√®ncia, Valencia"	"Valencia"	"Valencia"	""	"610 95 03 73"	""	"No"	"39.4593917"	"-0.371743"	"https://goo.gl/maps/bRKxqSJDeFTqttTCA"	""	"https://lh5.googleusercontent.com/p/AF1QipPIvEzhoa2egRHKxRTGbBoiQSlzjae0tM602hug=w408-h306-k-no"	"65"	"0"	"0"
"Ca Mand√≥ S.C"	"Bar de tapas"	"3,8"	"5"				"12:00 a 1:30"	"Cerrado"	"De 18:00 a 1:00"	"De 18:00 a 1:00"	"De 18:00 a 1:30"	"De 18:00 a 1:30"	"De 12:00 a 1:30"	""	"FJ6J+V5 Valencia"	"Carrer de Pere III el Gran, 12, 46005 Val√®ncia, Valencia"	"Valencia"	"Valencia"	""	"963 22 04 60"	""	"No"	"39.4621806"	"-0.3695855"	"https://goo.gl/maps/QKfqz7n3bY6eGuHZA"	""	"https://streetviewpixels-pa.googleapis.com/v1/thumbnail?panoid=g5ZxCCaXCC7z0lwKxCRaFA&cb_client=search.gws-prod.gps&w=408&h=240&yaw=164.06268&pitch=0&thumbfov=100"	"66"	"0"	"0"
"Comida Boliviana Bar La &quot;Llajta&quot; tambi√©n comida M√©jico"	"Bar restaurante"	"4,2"	"117"				"7:30 a 0:30"	"De 7:30 a 0:30"	"De 7:30 a 0:30"	"De 8:00 a 9:30"	"De 7:30 a 0:30"	"De 7:30 a 0:30"	"De 7:30 a 0:30"	""	"FJ6G+2C Valencia"	"Carrer de Sueca, 57, 46006 Val√®ncia, Valencia"	"Valencia"	"Valencia"	""	"632 59 80 68"	""	"No"	"39.4600055"	"-0.3739725"	"https://g.page/clemencia-pozo-1?share"	""	"https://lh5.googleusercontent.com/p/AF1QipMsy5JUiDO0IuN-NUQ24AaMqEJAGe2ZlwTWMYd4=w408-h306-k-no"	"67"	"0"	"0"
"Hamburgueseria Bufit Ruzafa."	"Hamburgueser√≠a"	"4,4"	"776"				"De 20:00 a 23:30"	"De 20:00 a 23:30"	"De 20:00 a 23:30"	"De 20:00 a 23:30"	"De 20:00 a 23:30"	"De 20:00 a 23:30"	"De 13:00 a 15:30,De 20:00 a 23:30"	""	"FJ6G+44 Valencia"	"Carrer del Literat Azor√≠n, 20, 46006 Val√®ncia, Valencia"	"Valencia"	"Valencia"	"bufitruzafa.com"	"963 21 50 20"	""	"No"	"39.460314"	"-0.374727"	"https://g.page/BUFIT?share"	""	"https://lh5.googleusercontent.com/p/AF1QipNcErnJ9xN_AR5fkqpVTiOZFfrwXgaWWDtuFL2e=w408-h271-k-no"	"68"	"0"	"0"
"FASTATA RUZAFA"	"Restaurante de comida continental"	"3,7"	"7"				"12:00 a 23:00"	"De 12:00 a 23:00"	"De 12:00 a 23:00"	"De 12:00 a 23:00"	"De 12:00 a 23:00"	"De 12:00 a 23:00"	"De 12:00 a 23:00"	""	"FJ6H+45 Valencia"	"Carrer dels Vivons, 30, 46006 Val√®ncia, Valencia"	"Valencia"	"Valencia"	"fastata.com"	"963 04 17 59"	""	"No"	"39.460288"	"-0.3720544"	"https://goo.gl/maps/eSeqr1oi8cHFaFfY8"	""	"https://lh5.googleusercontent.com/p/AF1QipOy0FTdt4UjkjixWPZjWZxC86W-fq7CA4aXMoRg=w408-h244-k-no"	"69"	"0"	"0"
"El 23 de Russafa"	"Bar de tapas"	"4,9"	"22"				""	" "	" "	" "	" "	" "	""	""	"FJ7H+8R Valencia"	"Carrer del Pintor Salvador Abril, 13, 46005 Val√®ncia, Valencia"	"Valencia"	"Valencia"	""	"644 84 88 49"	""	"No"	"39.4633091"	"-0.3704215"	"https://goo.gl/maps/tWD1NWAjjc1L9ERJA"	""	"https://lh5.googleusercontent.com/p/AF1QipMv0uaOGvCaeQmD8egFDdLfib8vTLd-rRrTRXIC=w408-h544-k-no"	"70"	"0"	"0"
"Restaurante los Navarros Bar"	"Bar restaurante"	"4,3"	"397"				"Cerrado"	"De 7:30 a 21:00"	"De 7:30 a 21:00"	"De 7:30 a 21:00"	"De 7:30 a 21:00"	"De 7:30 a 24:00"	"De 7:45 a 14:00"	""	"FJ7G+73 Valencia"	"Carrer de D√©nia, 28, 46006 Val√®ncia, Valencia"	"Valencia"	"Valencia"	""	"963 41 64 18"	""	"No"	"39.4631979"	"-0.3749035"	"https://g.page/barlosnavarros?share"	""	"https://lh5.googleusercontent.com/p/AF1QipO0uRxxNoU3G61x6Jjh05-XGo-y5vqDwYpEYtDA=w408-h306-k-no"	"71"	"0"	"0"
"Bar Pascual√≠n"	"Bar restaurante"	"4,3"	"209"				"Cerrado"	"De 7:00 a 16:00"	"De 7:00 a 16:00"	"De 7:00 a 16:00"	"De 7:00 a 16:00"	"De 7:00 a 16:00"	"De 9:00 a 13:00"	""	"FJ5G+F2 Valencia"	"Carrer dels Centelles, 52, 46006 Val√®ncia, Valencia"	"Valencia"	"Valencia"	""	"963 28 44 48"	""	"No"	"39.4585621"	"-0.3749957"	"https://goo.gl/maps/F3Du6Xe4XBizwxwo6"	""	"https://lh5.googleusercontent.com/p/AF1QipNww-vPud4tsIA2Oiysc-8oM6nlKL4W6Dw6Sovi=w426-h240-k-no"	"72"	"0"	"0"
"Bar Cafeter√≠a Par√≠s Londres"	"Bar de tapas"	"4,1"	"73"				"Cerrado"	"De 7:30 a 22:00"	"De 7:30 a 22:00"	"De 7:30 a 22:00"	"De 7:30 a 22:00"	"De 7:30 a 22:00"	"De 8:00 a 15:00"	""	"FJ7F+H6 Valencia"	"Gran Via de les Germanies, 30, 46006 Valencia"	"Valencia"	"Valencia"	""	"963 42 37 48"	""	"No"	"39.4638627"	"-0.3769569"	"https://goo.gl/maps/NtKjqzNemoo6AnC99"	""	"https://lh5.googleusercontent.com/p/AF1QipNJmymwGwqtCQVdb0K1C3gxpwDs9inqOxure4w1=w408-h306-k-no"	"73"	"0"	"0"
"Karaoke La la - ruzafa"	"Club nocturno"	"3,2"	"95"				"23:00 a 3:30"	"Cerrado"	"Cerrado"	"De 23:00 a 3:30"	"De 23:00 a 3:30"	"De 23:00 a 3:30"	"De 23:00 a 3:30"	""	"FJ7J+4P Valencia"	"Carrer de Pere III el Gran, 32, 46005 Val√®ncia, Valencia"	"Valencia"	"Valencia"	"karaokelala.es"	"963 44 48 50"	""	"No"	"39.4628625"	"-0.3681078"	"https://goo.gl/maps/X52SvqdAV5gWwgtJ9"	""	"https://lh5.googleusercontent.com/p/AF1QipOZK9YGukslyp0dpia156uIgAAZEfge-URV0tXg=w408-h306-k-no"	"74"	"0"	"0"
"Bar Juli√°n"	"Bar"	"4,2"	"26"				""	" "	" "	" "	" "	" "	""	""	"FJ5G+GM Valencia"	"Carrer de Sueca, 72, 46004 Val√®ncia, Valencia"	"Valencia"	"Valencia"	""	""	""	"No"	"39.4587552"	"-0.3733211"	"https://goo.gl/maps/bcprpdyW7iy2Cu48A"	""	"https://lh5.googleusercontent.com/p/AF1QipOaudtgFnywvYxXayEJ-0gbXpXa-BRRju4p_Tip=w408-h544-k-no"	"75"	"0"	"0"
"COMIC cafe"	"Cafeter√≠a"	"4,1"	"617"				"8:00 a 24:00"	"De 8:00 a 24:00"	"De 8:00 a 24:00"	"De 8:00 a 24:00"	"De 8:00 a 24:00"	"De 8:00 a 24:00"	"De 8:00 a 24:00"	""	"FJ6F+PW Valencia"	"Carrer de Sueca, 33, 46006 Val√®ncia, Valencia"	"Valencia"	"Valencia"	""	"963 68 22 66"	""	"No"	"39.4618034"	"-0.3751955"	"https://g.page/comic-cafe-valencia?share"	""	"https://lh5.googleusercontent.com/p/AF1QipNrQbCLOFzNTOgdu6dUQp5L0vtRwklh7KN7-wld=w408-h250-k-no"	"76"	"0"	"0"
"Fayer Bar"	"Restaurante"	"4,4"	"142"				"13:00 a 18:00"	"Cerrado"	"Cerrado"	"De 13:00 a 24:00"	"De 13:00 a 0:30"	"De 13:00 a 0:30"	"De 13:00 a 0:30"	""	"FJ7F+RV Valencia"	"Gran Via de les Germanies, 16, 46004 Valencia"	"Valencia"	"Valencia"	"instagram.com"	"960 71 41 01"	""	"No"	"39.4645496"	"-0.3752967"	"https://g.page/fayerbar?share"	""	"https://lh5.googleusercontent.com/p/AF1QipNMRswTgCygzAO5aYlYoNJ6sb5nFcgkRDMtCMIb=w408-h295-k-no"	"77"	"0"	"0"
"S&apos;ALAT Bar i Botiga"	"Bar"	"4,5"	"294"				"Cerrado"	"Cerrado"	"Cerrado"	"De 20:00 a 24:00"	"De 20:00 a 24:00"	"De 13:00 a 17:00,De 20:00 a 24:00"	"De 13:00 a 17:00,De 20:00 a 24:00"	""	"FJ6J+Q4 Valencia"	"Carrer del Pintor Salvador Abril, 34, 46005 Val√®ncia, Valencia"	"Valencia"	"Valencia"	"business.site"	"963 03 49 75"	""	"No"	"39.4619456"	"-0.3697122"	"https://goo.gl/maps/ByngY6ViK86Q2bZk8"	""	"https://lh5.googleusercontent.com/p/AF1QipMmOYV9XVpt0uiysG1rLNcK051S13LT4NVTxCW7=w408-h271-k-no"	"78"	"0"	"0"
"DEC√ÅLOGO WINE&amp;BAR"	"Bar restaurante"	"4,7"	"113"				"Cerrado"	"De 13:00 a 17:00"	"De 13:00 a 17:00"	"De 13:00 a 24:00"	"De 13:00 a 24:00"	"De 13:00 a 24:00"	"De 13:00 a 24:00"	""	"FJ7G+QH Valencia"	"Carrer de Russafa, 34, 46006 Val√®ncia, Valencia"	"Valencia"	"Valencia"	"decalogobar.com"	"658 14 73 78"	""	"No"	"39.4644776"	"-0.3735391"	"https://goo.gl/maps/Bss8zqLCipJV5Wa29"	""	"https://lh5.googleusercontent.com/p/AF1QipMHWXIJuQ5lArWQB1F8CDml0a_V_eSxN_ecmv_x=w427-h240-k-no"	"79"	"0"	"0"
"Killing Time"	"Pub"	"4,4"	"277"				"Cerrado"	"Cerrado"	"Cerrado"	"De 17:00 a 21:30"	"De 17:00 a 3:30"	"De 17:00 a 3:30"	"De 12:30 a 3:30"	""	"FJ6J+PQ Valencia"	"Carrer del Dr. Sumsi, 21, 46005 Val√®ncia, Valencia"	"Valencia"	"Valencia"	"khvinylstore.com"	"960 61 56 31"	""	"No"	"39.4618419"	"-0.3680633"	"https://goo.gl/maps/C9oiPUK7xXeKxbX87"	""	"https://lh5.googleusercontent.com/p/AF1QipNbcRXOi3w9fx0va-KTAwNsEoj10lBXaPU6Yczp=w408-h306-k-no"	"80"	"0"	"0"
"Ritual Resto Bar"	"Restaurante"	"4,5"	"32"				"8:00 a 22:00"	"Cerrado"	"Cerrado"	"Cerrado"	"De 8:00 a 22:00"	"De 8:00 a 22:00"	"De 8:00 a 22:00"	""	"FJ7G+HV Valencia"	"Carrer de Russafa, 45, 46004 Val√®ncia, Valencia"	"Valencia"	"Valencia"	""	"960 43 21 81"	""	"No"	"39.4639683"	"-0.3727883"	"https://goo.gl/maps/rcKTFgfM83W8FQ816"	""	"https://lh5.googleusercontent.com/p/AF1QipOvdL1YFMfE-2hBGsnueaCNNTm0ApxjpLICMt_M=w408-h547-k-no"	"81"	"0"	"0"
"ViveVino"	"Vinoteca"	"4,9"	"20"				""	" "	" "	" "	" "	" "	""	""	"FJ7H+4M Valencia"	"C√°rter, Carrer del M√∫sic Padilla, 2, 46005 Valencia"	"Valencia"	"Valencia"	""	"960 22 81 57"	""	"No"	"39.4628623"	"-0.3708089"	"https://goo.gl/maps/jq1KtaQWP1N4xGxD6"	""	"https://lh5.googleusercontent.com/p/AF1QipPx2yBQYEB3re3NlkM3ZuC9937IX1rMl4xtqsaz=w408-h249-k-no"	"82"	"0"	"0"
"BOCATERIA centro"	"Bar"	"2,3"	"14"				"20:00 a 22:30"	"De 7:30 a 22:00"	"De 19:30 a 22:00"	"De 19:30 a 22:00"	"De 19:30 a 22:00"	"De 19:30 a 22:00"	"De 8:15 a 23:30"	""	"FJ7H+48 Valencia"	"Carrer del Consolat del Mar, 2, 46004 Val√®ncia, Valencia"	"Valencia"	"Valencia"	"bocateria-centro.eatbu.com"	"688 02 29 86"	""	"No"	"39.4628443"	"-0.3717185"	"https://goo.gl/maps/312B7MD89vpdChSc6"	""	"https://lh5.googleusercontent.com/p/AF1QipMN6OfHlF_Cc0tbgU1Lth7Jae6ycBQVJK0D0jPS=w408-h306-k-no"	"83"	"0"	"0"
"Docemil En Rusia"	"Bar"	"3,8"	"220"				""	" "	" "	" "	" "	" "	""	""	"FJ6G+VM Valencia"	"Carrer de Moss√®n Femenia, 18, 46006 Val√®ncia"	"Valencia"	"Val√®ncia"	""	"963 25 07 38"	""	"No"	"39.4622288"	"-0.3733594"	"https://goo.gl/maps/68K6Kx4anQqZDvCJ8"	""	"https://lh5.googleusercontent.com/p/AF1QipO51hftcgSwWxeWYRRjp5RJMu0xhKQf1DuilWZC=w408-h306-k-no"	"84"	"0"	"0"
"SPLENDINI BAR I DISCOS"	"Tienda de discos"	"4,7"	"343"				"Cerrado"	"Cerrado"	"Cerrado"	"De 19:00 a 23:00"	"De 18:00 a 0:30"	"De 18:00 a 1:30"	"De 18:00 a 1:30"	""	"FJ8F+36 Valencia"	"Carrer de Sogorb, 10, 46004 Val√®ncia, Valencia"	"Valencia"	"Valencia"	"company.site"	"679 61 18 96"	""	"No"	"39.4651278"	"-0.3768905"	"https://g.page/Splendini?share"	""	"https://lh5.googleusercontent.com/p/AF1QipPWxEiD8dr1tYQ9rkd6QlyJ3MbiBP2GeqGUuFxB=w408-h306-k-no"	"85"	"0"	"0"
"Caf√© ArtySana - Ruzafa"	"Cafeter√≠a"	"4,6"	"942"				"9:30 a 16:00"	"De 8:30 a 18:30"	"De 8:30 a 18:30"	"De 8:30 a 18:30"	"De 8:30 a 18:30"	"De 8:30 a 22:00"	"De 9:30 a 22:00"	""	"FJ6F+XF Valencia"	"Carrer de D√©nia, 49, 46004 Val√®ncia, Valencia"	"Valencia"	"Valencia"	"cafeartysana.com"	"697 28 09 99"	""	"No"	"39.4624121"	"-0.3762596"	"https://goo.gl/maps/LBRTBfWVVrB2x6by7"	""	"https://lh5.googleusercontent.com/p/AF1QipOscnebulut0jqu5Wkii-fBUOqlZbBJUX7VgV_G=w408-h306-k-no"	"86"	"0"	"0"
"Lost ruzafa"	"Karaoke"	"4,2"	"6"				"18:00 a 20:00"	"De 18:00 a 22:00"	"De 18:00 a 22:00"	"De 18:00 a 22:00"	"De 18:00 a 22:00"	"De 18:00 a 22:00"	"De 16:00 a 24:00"	""	"FJ7F+7V Valencia"	"Carrer de D√©nia, 32, 46004 Val√®ncia, Valencia"	"Valencia"	"Valencia"	"lostruzafa.com"	"960 28 03 85"	""	"No"	"39.4632"	"-0.3752482"	"https://goo.gl/maps/Vv5joJ3nmJqhztZeA"	""	"https://streetviewpixels-pa.googleapis.com/v1/thumbnail?panoid=tGapEv_Aob6lJ6IRzE39OA&cb_client=search.gws-prod.gps&w=408&h=240&yaw=342.2222&pitch=0&thumbfov=100"	"87"	"0"	"0"
"Nostre Bar"	"Restaurante"	""	""				""	" "	" "	" "	" "	" "	""	""	"FJ7H+72 Valencia"	"Carrer de Carles Cervera, 8, 46006 Val√®ncia, Valencia"	"Valencia"	"Valencia"	""	""	""	"No"	"39.463111"	"-0.3723778"	"https://goo.gl/maps/CcH8pfAqquu4ZmV58"	""	"https://streetviewpixels-pa.googleapis.com/v1/thumbnail?panoid=TylTzvuhhUOtGwliwCxFqA&cb_client=search.gws-prod.gps&w=408&h=240&yaw=271.9766&pitch=0&thumbfov=100"	"88"	"0"	"0"
"Bachata 31"	"Pub"	"2,6"	"9"				""	" "	" "	" "	" "	" "	""	""	"FJ7F+FJ Valencia"	"Gran Via de les Germanies, 31, 46006 Valencia"	"Valencia"	"Valencia"	""	"963 80 42 54"	""	"No"	"39.4637275"	"-0.3759961"	"https://goo.gl/maps/YqVLv6sUSiB8N4va7"	""	"https://streetviewpixels-pa.googleapis.com/v1/thumbnail?panoid=ua3b1yGYfdR-bOyCbsmZCw&cb_client=search.gws-prod.gps&w=408&h=240&yaw=126.03975&pitch=0&thumbfov=100"	"89"	"0"	"0"
"La Cantina De Ruzafa"	"Restaurante mediterr√°neo"	"4,5"	"631"				"9:30 a 17:00"	"Cerrado"	"De 9:30 a 17:00"	"De 9:30 a 17:00"	"De 9:30 a 17:00"	"De 9:30 a 17:00"	"De 9:30 a 17:00"	""	"FJ6G+4G Valencia"	"Carrer del Literat Azor√≠n, 13-A, 46006 Val√®ncia, Valencia"	"Valencia"	"Valencia"	"lacantinaderuzafa.wixsite.com"	"653 94 40 26"	""	"No"	"39.4603219"	"-0.3736713"	"https://g.page/cantinaruzafa?share"	""	"https://lh5.googleusercontent.com/p/AF1QipOuj2wQMvJlnrLBmbBv-uDfOw0Xvr3yroEnY1ky=w408-h645-k-no"	"90"	"0"	"0"
"100 Montaditos"	"Bar de tapas"	"3,6"	"1.503"				"12:00 a 24:00"	"De 9:30 a 23:00"	"De 9:30 a 23:00"	"De 9:30 a 24:00"	"De 9:30 a 23:00"	"De 9:30 a 23:30"	"De 12:00 a 24:00"	""	"FJ7H+5C Valencia"	"Carrer del Consolat del Mar, 1, 46005 Val√®ncia, Valencia"	"Valencia"	"Valencia"	"spain.100montaditos.com"	"963 33 94 18"	""	"No"	"39.4629058"	"-0.3714068"	"https://goo.gl/maps/gyoYksNi2ctXLkvq7"	""	"https://lh5.googleusercontent.com/p/AF1QipMsvOjSSpj5bYqEyekDEVCGNyxYdk3SW72xbhlr=w426-h240-k-no"	"91"	"0"	"0"
"Vidrio Vac√≠o"	"Bar"	"4,8"	"4"				""	" "	" "	" "	" "	" "	""	""	"FJ6H+C3 Valencia"	"Carrer de la Reina Na Maria, 2, 46004 Val√®ncia, Valencia"	"Valencia"	"Valencia"	""	""	""	"No"	"39.4609899"	"-0.3723852"	"https://goo.gl/maps/G6nGwCm7eJB98FuR7"	""	"https://streetviewpixels-pa.googleapis.com/v1/thumbnail?panoid=p7rGF3rBtW_QtWnPARg-Bg&cb_client=search.gws-prod.gps&w=408&h=240&yaw=10.835975&pitch=0&thumbfov=100"	"92"	"0"	"0"
"De Claire Oyster bar"	"Bar restaurante de ostras"	"4,6"	"176"				"13:00 a 16:00"	"De 13:00 a 16:00,De 20:00 a 24:00"	"De 13:00 a 16:00,De 20:00 a 24:00"	"De 13:00 a 16:00,De 20:00 a 24:00"	"De 13:00 a 16:00,De 20:00 a 24:00"	"De 13:00 a 16:00,De 20:00 a 24:00"	"De 13:00 a 16:00,De 20:00 a 24:00"	""	"FJ7G+5J Valencia"	"Carrer de Sevilla, 27, 46006 Val√®ncia, Valencia"	"Valencia"	"Valencia"	""	"963 25 36 57"	""	"No"	"39.4628875"	"-0.3734682"	"https://goo.gl/maps/b6DjV7zDWiw3s3Gy9"	""	"https://lh5.googleusercontent.com/p/AF1QipNq0D2DGi5tesh3_wb1uSaeSxQ_9kASwM4VKkQV=w408-h271-k-no"	"93"	"0"	"0"
"Cerveceria Street Food"	"Bar"	"3,6"	"33"				""	" "	" "	" "	" "	" "	""	""	"FJ7F+3P Valencia"	"Carrer de Sueca, 17, 46006 Val√®ncia, Valencia"	"Valencia"	"Valencia"	""	""	""	"No"	"39.4626451"	"-0.375711"	"https://goo.gl/maps/nGTvdPFzcDeCu7sMA"	""	"https://lh5.googleusercontent.com/p/AF1QipMkWC5bLWo3W7MJdzfwoNjVoyoLTalkDSEurkAT=w408-h544-k-no"	"94"	"0"	"0"
"Dede Turkish Restaurant"	"Bar restaurante"	"3,9"	"655"				"11:30 a 0:30"	"De 11:30 a 0:30"	"De 11:30 a 0:30"	"De 11:30 a 0:30"	"De 11:30 a 0:30"	"De 11:30 a 0:30"	"De 11:30 a 0:30"	""	"FJ6F+QQ Valencia"	"Carrer de Sueca, 24, 46006 Val√®ncia, Valencia"	"Valencia"	"Valencia"	"dedeturkishrestaurant.com"	"960 05 84 90"	""	"No"	"39.461926"	"-0.3755727"	"https://goo.gl/maps/j62RvMoNzFFvtzxo9"	""	"https://lh5.googleusercontent.com/p/AF1QipMLqm1spugNm7baYV7rSzlHD19ydArr8qvC2vzB=w408-h271-k-no"	"95"	"0"	"0"
"Dando Le√±a | Ruzafa"	"Restaurante"	"4,2"	"808"				"De 20:30 a 0:30"	"De 13:30 a 16:30,De 20:30 a 0:30"	"De 13:30 a 16:30,De 20:30 a 0:30"	"De 13:30 a 16:30,De 20:30 a 0:30"	"De 13:30 a 16:30,De 20:30 a 0:30"	"De 13:30 a 17:30,De 20:30 a 1:30"	"De 13:30 a 17:30,De 20:30 a 1:30"	""	"FJ6G+65 Valencia"	"Carrer de Sueca, 46, 46006 Val√®ncia, Valencia"	"Valencia"	"Valencia"	"restaurantedandole√±a.com"	"605 24 89 80"	""	"No"	"39.4605972"	"-0.3746455"	"https://goo.gl/maps/4LYfVDS6nCMPmRA79"	""	"https://lh5.googleusercontent.com/p/AF1QipPsptzVovDLN_YwZcE06fOoUE5Dr7bcAB1tlDcD=w408-h460-k-no"	"96"	"0"	"0"
"Cervecer√≠a Baden Baden"	"Restaurante alem√°n"	"4,4"	"761"				"13:00 a 23:30"	"De 13:00 a 16:00"	"Cerrado"	"De 13:00 a 23:30"	"De 13:00 a 23:30"	"De 13:00 a 23:30"	"De 13:00 a 23:30"	""	"FJ7F+FG Valencia"	"Gran Via de les Germanies, 33, 46006 Valencia"	"Valencia"	"Valencia"	""	"963 57 37 59"	""	"No"	"39.463651"	"-0.376194"	"https://g.page/Badenvalencia?share"	""	"https://lh5.googleusercontent.com/p/AF1QipMN67IZR0AnoxJ2bgzK5RTJ3Wn3DPMT3qUImTFM=w408-h272-k-no"	"97"	"0"	"0"
"LOS TRAVIESOS - Cervezas y Tapas - VALENCIA"	"Pub"	"2,9"	"17"				"Cerrado"	"De 8:00 a 24:00"	"De 8:00 a 24:00"	"De 8:00 a 24:00"	"De 8:00 a 24:00"	"De 8:00 a 1:00"	"De 8:00 a 1:00"	""	"FJ6M+M2 Valencia"	"Carrer de Matias Perell√≥, 29, 46005 Val√®ncia, Valencia"	"Valencia"	"Valencia"	""	"962 06 68 94"	""	"No"	"39.4617329"	"-0.3674187"	"https://goo.gl/maps/d2FhUFhHoTUr5tLZA"	""	"https://lh5.googleusercontent.com/p/AF1QipNcLaZE6WLO19m2u1cyuz3apeSPx4Rui5WJ744Z=w408-h544-k-no"	"98"	"0"	"0"
"Che Vins"	"Vinoteca"	"4,7"	"142"				"Cerrado"	"De 18:00 a 21:00"	"De 11:00 a 14:00,De 18:00 a 21:00"	"De 11:00 a 14:00,De 18:00 a 21:00"	"De 11:00 a 14:00,De 18:00 a 21:00"	"De 11:00 a 14:00,De 18:00 a 21:30"	"De 11:00 a 14:00,De 18:00 a 21:30"	""	"FJ6F+M6 Valencia"	"C. de Cuba, 30, 46006 Val√®ncia, Valencia"	"Valencia"	"Valencia"	"chevins.es"	"960 70 44 76"	""	"No"	"39.461641"	"-0.3768903"	"https://g.page/chevinscuba30?share"	""	"https://lh5.googleusercontent.com/p/AF1QipPbf0to0eHwqIT77SIStYeP4Ztsz5asDIOiiXMh=w426-h240-k-no"	"99"	"0"	"0"
"BAR CAFETERIA LOLIN"	"Bar"	"4,0"	"65"				"Cerrado"	"De 8:00 a 24:00"	"De 8:00 a 24:00"	"De 8:00 a 24:00"	"De 8:00 a 24:00"	"De 8:00 a 24:00"	"De 8:00 a 24:00"	""	"FJ6H+FC Valencia"	"Carrer de Francesc Sempere, 11, 46006 Val√®ncia, Valencia"	"Valencia"	"Valencia"	""	"693 01 00 10"	""	"No"	"39.461198"	"-0.3715678"	"https://goo.gl/maps/ZS4G5ouPL8fydZjY6"	""	"https://lh5.googleusercontent.com/p/AF1QipMmXDNWmqR2NolFrgCyfh37gqaFCshg6kass-YA=w408-h306-k-no"	"100"	"0"	"0"
"Mandalay Lounge Club"	"Bar"	"3,5"	"4"				""	" "	" "	" "	" "	" "	""	""	"FJ6G+84 Valencia"	"Carrer de Sueca, 42, 46006 Val√®ncia, Valencia"	"Valencia"	"Valencia"	""	""	""	"No"	"39.4607606"	"-0.3747578"	"https://goo.gl/maps/qzhsJD1B5jANqqiW9"	""	"https://streetviewpixels-pa.googleapis.com/v1/thumbnail?panoid=Z_-aEMcZADofQgRnerGfIw&cb_client=search.gws-prod.gps&w=408&h=240&yaw=199.56073&pitch=0&thumbfov=100"	"101"	"0"	"0"
"El Rodam√≥n de Russafa"	"Restaurante mediterr√°neo"	"4,3"	"1.644"				"12:00 a 23:30"	"De 12:00 a 23:30"	"De 12:00 a 23:30"	"De 12:00 a 23:30"	"De 12:00 a 23:30"	"De 12:00 a 23:30"	"De 12:00 a 23:30"	""	"FJ6G+95 Valencia"	"Carrer de Sueca, 47, 46006 Val√®ncia, Valencia"	"Valencia"	"Valencia"	"elrodamon.com"	"963 21 80 14"	""	"No"	"39.4608967"	"-0.3745369"	"https://g.page/ElRodamon?share"	""	"https://lh5.googleusercontent.com/p/AF1QipOx02w6GVkwG9Xvgdn2gyLlMfioniDVVuTwN0BH=w408-h240-k-no-pi0-ya340-ro0-fo100"	"102"	"0"	"0"
"The Garden Ruzafa"	"Cafeter√≠a"	"5,0"	"28"				"Cerrado"	"De 8:30 a 1:30"	"De 8:30 a 1:30"	"De 8:30 a 1:30"	"De 8:30 a 1:30"	"De 8:30 a 1:30"	"De 18:00 a 1:30"	""	"FJ7H+GX Valencia"	"Carrer del Mestre Josep Serrano, 6, derecha, 46005 Valencia"	"Valencia"	"Valencia"	""	""	""	"No"	"39.4637775"	"-0.3700614"	"https://goo.gl/maps/Yy5AjZFELGGyjwjr7"	""	"https://lh5.googleusercontent.com/p/AF1QipOZ_fP1ABonQmghHgLnAtyAT5QF_5EvUbqw3x4b=w408-h306-k-no"	"103"	"0"	"0"
"Lizarran Rufaza"	"Restaurante"	"3,5"	"685"				"Cerrado"	"De 9:30 a 23:00"	"De 9:30 a 23:00"	"De 9:30 a 23:00"	"De 9:30 a 23:00"	"De 9:30 a 24:00"	"De 11:30 a 0:30"	""	"FJ8G+C5 Valencia"	"Carrer de Russafa, 46004 Val√®ncia, Valencia"	"Valencia"	"Valencia"	"lizarran.es"	"963 03 48 93"	""	"No"	"39.4661073"	"-0.3745517"	"https://goo.gl/maps/UbrahFTospJ5rdrw7"	""	"https://lh5.googleusercontent.com/p/AF1QipPVpOscZqoH4BkPmi0ffPYZ2YU8bzaEAZHZt13Z=w408-h306-k-no"	"104"	"0"	"0"
"Chick Shack"	"Restaurante americano"	"4,3"	"310"				"12:00 a 0:30"	"De 12:00 a 0:30"	"De 12:00 a 0:30"	"De 12:00 a 0:30"	"De 12:00 a 0:30"	"De 12:00 a 1:00"	"De 12:00 a 1:00"	""	"FJ6G+7Q Valencia"	"Carrer de Cadis, 64, 66, 46006 Val√®ncia, Valencia"	"Valencia"	"Valencia"	"chickshack.es"	"621 33 01 88"	""	"No"	"39.4607357"	"-0.3730136"	"https://g.page/chick-shack?share"	""	"https://lh5.googleusercontent.com/p/AF1QipPpCG37OsccFYfv9RzOz4OW1sruDKwDd9wpuLdL=w426-h240-k-no"	"105"	"0"	"0"
"Nozomi Sushi Bar"	"Restaurante de sushi"	"4,7"	"1.298"				"Cerrado"	"Cerrado"	"Cerrado"	"De 13:45 a 16:30,De 20:30 a 23:30"	"De 13:45 a 16:30,De 20:30 a 23:30"	"De 13:45 a 16:30,De 20:30 a 23:30"	"De 13:45 a 16:30,De 20:30 a 23:30"	""	"FJ7J+26 Valencia"	"Carrer de Pere III el Gran, 11, 46005 Val√®ncia, Valencia"	"Valencia"	"Valencia"	"nozomisushibar.es"	"961 48 77 64"	""	"No"	"39.4625364"	"-0.3694864"	"https://goo.gl/maps/QEhEZdt2ry1MCanE9"	""	"https://lh5.googleusercontent.com/p/AF1QipMTsF7-BJLQ_t6pxIY5UqSH5Gn4snpQnwXP8wCC=w408-h306-k-no"	"106"	"0"	"0"
"Restaurante Japon√©s - HIKARI YAKITORI BAR"	"Restaurante japon√©s"	"4,5"	"696"				"Cerrado"	"Cerrado"	"Cerrado"	"De 13:30 a 16:45,De 20:30 a 23:30"	"De 13:30 a 16:45,De 20:30 a 23:30"	"De 13:30 a 16:45,De 20:30 a 23:30"	"De 13:30 a 16:45,De 20:30 a 23:30"	""	"FJ6H+M5 Valencia"	"Carrer dels Tomasos, 18, 46004 Val√®ncia, Valencia"	"Valencia"	"Valencia"	"hikariyakitoribar.es"	"686 88 29 85"	""	"No"	"39.4616288"	"-0.3721004"	"https://goo.gl/maps/oSga4vhe2hcNMhit8"	""	"https://lh5.googleusercontent.com/p/AF1QipNUp4x5V4OYf5M9-iQwoCiyWCkIBXntz8sAtRFX=w408-h272-k-no"	"107"	"0"	"0"
"Cafe Sueca 52"	"Pub"	"3,7"	"3"				"10:00 a 13:00"	"De 10:00 a 0:30"	"De 10:00 a 0:30"	"De 10:00 a 0:30"	"De 10:00 a 0:30"	"De 10:00 a 13:00"	"De 10:00 a 13:00"	""	"FJ6G+28 Valencia"	"Carrer de Sueca, 52, 46004 Val√®ncia, Valencia"	"Valencia"	"Valencia"	""	""	""	"No"	"39.4600408"	"-0.3742084"	"https://goo.gl/maps/G7a63vRBvYGjeF2N8"	""	"https://lh5.googleusercontent.com/p/AF1QipOzSpZTuUBRmzlELfRrkPSe7R3RfNu2zP8FXVjq=w427-h240-k-no"	"108"	"0"	"0"
"Dede Turkish Kebap &amp; Te"	"Bar restaurante"	"3,9"	"415"				"12:00 a 24:00"	"De 12:00 a 24:00"	"De 12:00 a 24:00"	"De 12:00 a 24:00"	"De 12:00 a 24:00"	"De 12:00 a 24:00"	"De 12:00 a 24:00"	""	"FJ6H+VM Valencia"	"C. de Donoso Cort√©s, 2, 46005 Valencia"	"Valencia"	"Valencia"	"dedeturkishkebap.com"	"961 14 71 50"	""	"No"	"39.4622834"	"-0.37083"	"https://goo.gl/maps/SS5HpWHrYX1Fqx816"	""	"https://lh5.googleusercontent.com/p/AF1QipPexiTXVmsmGJvfHjNsNej_lAvdpuRXK58PqKNL=w408-h272-k-no"	"109"	"0"	"0"
"ELECTROPURA"	"Pub"	"4,3"	"258"				"Cerrado"	"Cerrado"	"Cerrado"	"Cerrado"	"De 19:30 a 3:30"	"De 19:30 a 3:30"	"De 19:30 a 3:30"	""	"FJ7H+6Q Valencia"	"Carrer del Pintor Salvador Abril, 20, 46005 Val√®ncia, Valencia"	"Valencia"	"Valencia"	"electropura.es"	"667 54 77 36"	""	"No"	"39.4631077"	"-0.3705506"	"https://goo.gl/maps/mBzZw4wuToBVwwc46"	""	"https://lh5.googleusercontent.com/p/AF1QipOIsGJn0rs-rJ7n6UQzzuIlsVbF4MEYCiPy--tP=w408-h306-k-no"	"110"	"0"	"0"
"Caf√© Mercedes Jazz"	"Bar"	"4,2"	"199"				"Cerrado"	"Cerrado"	"Cerrado"	"Cerrado"	"Cerrado"	"De 22:00 a 2:30"	"De 20:00 a 2:30"	""	"FJ6F+RR Valencia"	"Carrer de Sueca, 27, 46006 Val√®ncia, Valencia"	"Valencia"	"Valencia"	"cafemercedes.es"	"640 09 74 90"	""	"No"	"39.4620616"	"-0.3753837"	"https://goo.gl/maps/88LDJTPMZCBzZds38"	""	"https://lh5.googleusercontent.com/p/AF1QipMCnS9yjdbeQsQR3gYI1fuLN6id_iuYt6sYUGit=w408-h306-k-no"	"111"	"0"	"0"
"Bar El Parque I"	"Bar"	"3,5"	"20"				"10:00 a 22:00"	"De 10:00 a 22:00"	"De 9:00 a 24:00"	"De 9:00 a 24:00"	"De 9:00 a 24:00"	"De 9:00 a 24:00"	"De 9:00 a 24:00"	""	"FJ5F+9P Valencia"	"Pla√ßa de Manuel Granero, 9A, 46006 Val√®ncia, Valencia"	"Valencia"	"Valencia"	""	"626 53 01 13"	""	"No"	"39.4584694"	"-0.3756478"	"https://goo.gl/maps/fkUi7nVuJYwJU4oW7"	""	"https://lh5.googleusercontent.com/p/AF1QipOHc3TEzCrZuRZeuE0ST1SSfwvH3bq3hMiWuPO8=w426-h240-k-no"	"112"	"0"	"0"
"La Tavernaire"	"Taberna"	"4,4"	"257"				"13:00 a 16:00"	"Cerrado"	"Cerrado"	"De 19:30 a 0:30"	"De 19:30 a 0:30"	"De 13:00 a 16:00,De 19:30 a 0:30"	"De 13:00 a 16:00,De 19:30 a 23:30"	""	"FJ7G+9C Valencia"	"Carrer de D√©nia, 18, 46006 Val√®ncia, Valencia"	"Valencia"	"Valencia"	""	""	""	"No"	"39.4634421"	"-0.3739614"	"https://goo.gl/maps/KBgCXGG8siFLBG3c6"	""	"https://lh5.googleusercontent.com/p/AF1QipPTWhdiJ1vxcPSorx6KuYQ97-_Ko3IUA-ljgItD=w426-h240-k-no"	"113"	"0"	"0"
"KEA Resto &amp; Copas"	"Restaurante"	"4,1"	"298"				"9:00 a 2:00"	"De 9:00 a 2:00"	"De 9:00 a 2:00"	"De 9:00 a 2:00"	"De 9:00 a 2:00"	"De 9:00 a 2:00"	"De 9:00 a 2:00"	""	"FJ6G+5V Valencia"	"Carrer de Cadis, 70, 46006 Val√®ncia, Valencia"	"Valencia"	"Valencia"	"grupokea.es"	"960 11 98 61"	""	"No"	"39.4604973"	"-0.3727698"	"https://goo.gl/maps/yqKsmtG5veXtQ3y69"	""	"https://lh5.googleusercontent.com/p/AF1QipOoWU6Gvev2SVUsMwZbHeXbSRS_mXxNX1S9FJt0=w408-h272-k-no"	"114"	"0"	"0"
"Canalla Bistro by Ricard Camarena"	"Restaurante de fusi√≥n"	"4,4"	"3.428"				"De 20:00 a 24:00"	"De 20:00 a 24:00"	"De 20:00 a 24:00"	"De 20:00 a 24:00"	"De 20:00 a 24:00"	"De 13:30 a 17:00,De 20:00 a 24:00"	"De 13:30 a 17:00,De 20:00 a 24:00"	""	"FJ7J+C2 Valencia"	"Carrer del Mestre Josep Serrano, 5, 46005 Val√®ncia, Valencia"	"Valencia"	"Valencia"	"canallabistro.com"	"963 74 05 09"	""	"No"	"39.4635948"	"-0.3699989"	"https://g.page/canallabistrovlc?share"	""	"https://lh5.googleusercontent.com/p/AF1QipPxcOu0cWVgJQLhgYVaI21uz2eInVcHSxJIlCZ0=w408-h271-k-no"	"115"	"0"	"0"
"Restaurante Copenhagen"	"Restaurante vegetariano"	"4,4"	"1.722"				"De 20:00 a 23:30"	"De 13:30 a 16:00"	"De 13:30 a 16:00,De 20:00 a 23:30"	"De 13:30 a 16:00,De 20:00 a 23:30"	"De 13:30 a 16:00,De 20:00 a 23:30"	"De 13:30 a 16:00,De 20:00 a 23:30"	"De 13:30 a 16:00,De 20:00 a 23:30"	""	"FJ6G+8H Valencia"	"Carrer del Literat Azor√≠n, 8, 46006 Val√®ncia, Valencia"	"Valencia"	"Valencia"	"restaurantecopenhagen.es"	"963 28 99 28"	""	"No"	"39.4607276"	"-0.3735751"	"https://g.page/restaurantecopenhagen?share"	""	"https://lh5.googleusercontent.com/p/AF1QipPRVNWkClQq9f_kKz3kWzQGVMZmuLpW6M2EHrM-=w408-h272-k-no"	"116"	"0"	"0"
"Bar La Campana"	"Restaurante"	"4,3"	"125"				"0:00 a 0:01"	"De 0:00 a 0:01"	"De 0:00 a 0:01"	"De 0:00 a 0:01"	"De 0:00 a 0:01"	"De 0:00 a 0:01"	"De 0:00 a 0:01"	""	"FJ6M+M2 Valencia"	"Carrer de Matias Perell√≥, 29, 46005 Val√®ncia, Valencia"	"Valencia"	"Valencia"	"mybakarta.com"	"960 83 21 11"	""	"No"	"39.461738"	"-0.3674067"	"https://goo.gl/maps/Dy4DKzrJwXhBYhji7"	""	"https://lh5.googleusercontent.com/p/AF1QipOVCYlSzhxSb8CRyzI8Y9cDJGvaxsUn7mH44ihE=w533-h240-k-no"	"117"	"0"	"0"
"La Casa Viva Russafa"	"Restaurante"	"4,8"	"764"				"De 20:00 a 0:30"	"De 9:00 a 17:00,De 20:00 a 24:00"	"Cerrado"	"De 9:00 a 17:00,De 20:00 a 24:00"	"De 9:00 a 17:00,De 20:00 a 24:00"	"De 9:00 a 17:00,De 20:00 a 0:30"	"De 9:00 a 17:30,De 20:00 a 0:30"	""	"FJ6G+3X Valencia"	"Carrer de Cadis, 76, 46006 Val√®ncia, Valencia"	"Valencia"	"Valencia"	"lacasaviva.com"	"963 03 47 13"	""	"No"	"39.4601891"	"-0.3726102"	"https://goo.gl/maps/HCyDWxVpAf2hGJ5j9"	""	"https://lh5.googleusercontent.com/p/AF1QipNa1CMORa9l1sb3ry7fMk8IlDl-CNqhaIrqpuQV=w408-h306-k-no"	"118"	"0"	"0"
"La Maja Gastrobar"	"Restaurante"	"4,2"	"395"				""	" "	" "	" "	" "	" "	""	""	"FJ6J+V5 Valencia"	"Carrer de Pere III el Gran, 12, 46005 Val√®ncia, Valencia"	"Valencia"	"Valencia"	""	""	""	"No"	"39.4622032"	"-0.369531"	"https://goo.gl/maps/Ux2Z6xVAcYoeAb8W7"	""	"https://lh5.googleusercontent.com/p/AF1QipPj7gAm9aO0li092Xw-V0wo-lY2SRz3jWX_toXe=w408-h305-k-no"	"119"	"0"	"0"
"La Finestra"	"Pizzer√≠a"	"4,6"	"1.964"				"12:00 a 23:30"	"De 12:00 a 23:30"	"De 12:00 a 23:30"	"De 12:00 a 23:30"	"De 12:00 a 23:30"	"De 12:00 a 23:30"	"De 12:00 a 23:30"	""	"FJ6H+C8 Valencia"	"Carrer dels Vivons, 16, 46004 Val√®ncia, Valencia"	"Valencia"	"Valencia"	""	""	""	"No"	"39.4610639"	"-0.3717042"	"https://goo.gl/maps/7uqBRmgqNckRnsxn6"	""	"https://lh5.googleusercontent.com/p/AF1QipNUK4aQeGMpJrvpK9pqiHbm0Hjcazg_aPw4Ezu_=w408-h403-k-no"	"120"	"0"	"0"
"Restaurante Mar√≠a Mandiles Ruzafa"	"Restaurante de comida r√°pida"	"3,8"	"943"				"12:00 a 1:00"	"De 12:00 a 1:00"	"De 12:00 a 1:00"	"De 12:00 a 1:00"	"De 12:00 a 1:00"	"De 12:00 a 1:00"	"De 12:00 a 1:00"	""	"FJ6G+RJ Valencia"	"Carrer de Moss√®n Femenia, 17, 46006 Val√®ncia, Valencia"	"Valencia"	"Valencia"	"mariamandiles.es"	"961 48 66 07"	""	"No"	"39.462097"	"-0.373415"	"https://g.page/mariamandilesruzafa?share"	""	"https://lh5.googleusercontent.com/p/AF1QipPFj-dB4JQTrEEa1dZtnm4dvWG6QOcBb-EnP-rL=w408-h240-k-no-pi-0-ya355.8556-ro-0-fo100"	"121"	"0"	"0"
"BAR CLEMENTE - Valencia"	"Bar"	"4,2"	"41"				"Cerrado"	"De 8:00 a 18:00"	"De 8:00 a 18:00"	"De 8:00 a 18:00"	"De 8:00 a 18:00"	"De 8:00 a 18:00"	"De 8:00 a 13:30"	""	"FJ6H+Q6 Valencia"	"Pl. del Bar√≥ de Cort√©s, 20, 46004 Val√®ncia, Valencia"	"Valencia"	"Valencia"	""	"695 60 36 99"	""	"No"	"39.4618737"	"-0.3719406"	"https://goo.gl/maps/aerLeZcBwvPSTn6B6"	""	"https://lh5.googleusercontent.com/p/AF1QipPQwUbq0qJr5SdkHObzepAy2o72KobBtN8k4A87=w408-h306-k-no"	"122"	"0"	"0"
"Restaurante Japon√©s - THE SUSHI ROOM"	"Restaurante japon√©s"	"4,0"	"760"				"De 20:00 a 23:30"	"De 20:00 a 23:30"	"De 20:00 a 23:30"	"De 20:00 a 23:30"	"De 20:00 a 23:30"	"De 13:30 a 16:00,De 20:00 a 24:00"	"De 13:30 a 16:00,De 20:00 a 24:00"	""	"FJ5F+XX Valencia"	"Carrer del Literat Azor√≠n, 25, 46006 Val√®ncia, Valencia"	"Valencia"	"Valencia"	"thesushiroom.es"	"961 14 85 69"	""	"No"	"39.4599446"	"-0.3750848"	"https://g.page/the-sushi-room-valencia?share"	""	"https://lh5.googleusercontent.com/p/AF1QipOY4nzLQytuF1bzV6Q9ylDO-5kKEVQakEuKdFKp=w426-h240-k-no"	"123"	"0"	"0"
"The Rampel Club"	"Club nocturno"	"5,0"	"4"				"Cerrado"	"Cerrado"	"Cerrado"	"Cerrado"	"Cerrado"	"De 23:30 a 3:30"	"De 23:30 a 3:30"	""	"FJ5G+JC Valencia"	"Carrer dels Centelles, 40, 46004 Val√®ncia, Valencia"	"Valencia"	"Valencia"	""	"634 32 94 47"	""	"No"	"39.4590179"	"-0.3738811"	"https://goo.gl/maps/kb89MTdSYZ4hFCPB8"	""	"https://lh5.googleusercontent.com/p/AF1QipMN6bNN3qRTP_HBTb328FLdfAmmTkJfBbwAVQuZ=w408-h544-k-no"	"124"	"0"	"0"
"Do√±a Petrona"	"Restaurante"	"3,9"	"958"				"10:00 a 0:30"	"Cerrado"	"De 12:00 a 0:30"	"De 12:00 a 0:30"	"De 12:00 a 0:30"	"De 12:00 a 0:30"	"De 10:00 a 0:30"	""	"FJ7H+27 Valencia"	"Carrer del Pare Perera, 5, 46004 Val√®ncia, Valencia"	"Valencia"	"Valencia"	"do√±apetrona.es"	"963 36 49 83"	""	"No"	"39.462599"	"-0.3717625"	"https://g.page/dpetrona?share"	""	"https://lh5.googleusercontent.com/p/AF1QipNw8vdZ-HWq_51WF80kCElcP4ob5nn8_dIycIMw=w408-h272-k-no"	"125"	"0"	"0"
"CAF√â BALLI"	"Pub"	"3,8"	"1.319"				"8:00 a 3:00"	"De 8:00 a 3:00"	"De 8:00 a 3:00"	"De 8:00 a 3:00"	"De 8:00 a 3:00"	"De 8:00 a 3:00"	"De 8:00 a 3:00"	""	"FJ8J+CJ Valencia"	"Carrer de l&apos;Almirall Cadarso, 11, 46005 Val√®ncia, Valencia"	"Valencia"	"Valencia"	"grupoballi.com"	"678 41 17 41"	""	"No"	"39.4660535"	"-0.3684393"	"https://goo.gl/maps/746LCMzN59J6Fk9K8"	""	"https://lh5.googleusercontent.com/p/AF1QipMTG8kcxzjRsk6r09XQjwLC9IfOJ7iVw86TwSbF=w426-h240-k-no"	"126"	"0"	"0"
"La chingada"	"Restaurante mexicano"	"4,4"	"1.950"				"13:00 a 24:00"	"De 17:00 a 24:00"	"De 13:00 a 24:00"	"De 13:00 a 24:00"	"De 13:00 a 24:00"	"De 13:00 a 24:00"	"De 13:00 a 24:00"	""	"FJ6G+VW Valencia"	"Carrer de Moss√®n Femenia, 6, 46006 Val√®ncia, Valencia"	"Valencia"	"Valencia"	"lachingadaruzafa.com"	"963 23 71 57"	""	"No"	"39.4622105"	"-0.3727365"	"https://goo.gl/maps/ZJLpmYP4AseG2GFy9"	""	"https://lh5.googleusercontent.com/p/AF1QipP6WpSinGB0uu6-ZXy3LefLJIQM6p2V8rgH_QM3=w408-h306-k-no"	"127"	"0"	"0"
"Escena Valencia Restaurante &amp; Night Club"	"Restaurante"	"4,4"	"262"				"12:30 a 17:30"	"Cerrado"	"De 12:30 a 17:30"	"De 12:30 a 17:30"	"De 12:30 a 17:30,De 19:30 a 24:00"	"De 12:30 a 17:30,De 19:30 a 1:00"	"De 12:30 a 17:30,De 19:30 a 1:30"	""	"FJ69+M3 Valencia"	"C. de Sant Vicent M√†rtir, 155B, 46007 Val√®ncia, Valencia"	"Valencia"	"Valencia"	""	"610 95 95 64"	""	"No"	"39.4616231"	"-0.3823067"	"https://g.page/escenavalencia?share"	""	"https://lh5.googleusercontent.com/p/AF1QipOwo2Deie5AGmWc6TFcQQmi7pknjeg515DC213l=w408-h265-k-no"	"128"	"0"	"0"
"Restaurante Casa Ru"	"Restaurante chino"	"4,2"	"510"				"De 19:00 a 24:00"	"Cerrado"	"De 11:30 a 16:30,De 19:00 a 24:00"	"De 11:30 a 16:30,De 19:00 a 24:00"	"De 11:30 a 16:30,De 19:00 a 24:00"	"De 11:30 a 16:30,De 19:00 a 24:00"	"De 11:30 a 16:30,De 19:00 a 24:00"	""	"FJ5G+RG Valencia"	"Carrer de Sueca, 65, 46006 Val√®ncia, Valencia"	"Valencia"	"Valencia"	"casaru.es"	"963 35 35 74"	""	"No"	"39.4596228"	"-0.3736971"	"https://goo.gl/maps/9ibjyTLNAyrZEk4B7"	""	"https://lh5.googleusercontent.com/p/AF1QipNvutLavTLamx_XRgGE95n8wurWSyPDHzewpxe0=w426-h240-k-no"	"129"	"0"	"0"
"Mangiamo!"	"Restaurante italiano"	"4,3"	"596"				"De 19:00 a 23:00"	"De 13:30 a 15:30,De 19:00 a 23:00"	"De 13:30 a 15:30,De 19:00 a 23:00"	"De 13:30 a 15:30,De 19:00 a 23:00"	"De 13:30 a 15:30,De 19:00 a 23:00"	"De 13:30 a 15:30,De 19:00 a 23:00"	"De 13:30 a 15:30,De 19:00 a 23:00"	""	"FJ7G+67 Valencia"	"Carrer de Cadis, 21, 46006 Val√®ncia, Valencia"	"Valencia"	"Valencia"	"mangiamo.es"	"963 41 32 63"	""	"No"	"39.463098"	"-0.3743514"	"https://goo.gl/maps/AZpwvsK3zL1qY6F59"	""	"https://lh5.googleusercontent.com/p/AF1QipPRqGOoRpH2qKjpZJ37ZBlXnoVZgq1slo4D5rXu=w408-h270-k-no"	"130"	"0"	"0"
"Little Thai Ruzafa"	"Restaurante tailand√©s"	"4,1"	"1.205"				"De 19:30 a 23:00"	"De 12:30 a 15:45,De 19:30 a 23:00"	"De 12:30 a 15:45,De 19:30 a 23:00"	"De 12:30 a 15:45,De 19:30 a 23:30"	"De 12:30 a 15:45,De 19:30 a 23:00"	"De 12:30 a 15:45,De 19:30 a 23:30"	"De 12:30 a 15:45,De 19:30 a 23:30"	""	"FJ7M+85 Valencia"	"Carrer de Pere III el Gran, 46, 46005 Val√®ncia, Valencia"	"Valencia"	"Valencia"	"littlethai.es"	"960 26 10 40"	""	"No"	"39.4633159"	"-0.3671177"	"https://goo.gl/maps/2gQqGFC8AKQmWjJx8"	""	"https://lh5.googleusercontent.com/p/AF1QipPxph-y4IC2b6V46Sawns3H0Mij7eZ4RKWuQg3L=w408-h272-k-no"	"131"	"0"	"0"
"Pizzeria Acqua e Farina"	"Pizzer√≠a"	"4,6"	"466"				"Cerrado"	"Cerrado"	"Cerrado"	"De 20:30 a 24:00"	"De 20:30 a 24:00"	"De 20:30 a 24:00"	"De 20:30 a 24:00"	""	"FJ6M+WR Valencia"	"Carrer de Matias Perell√≥, 52, 46005 Val√®ncia, Valencia"	"Valencia"	"Valencia"	"acquaefarina.es"	"963 12 97 88"	""	"No"	"39.4623448"	"-0.3653886"	"https://g.page/acquaefarinafantastiqueria?share"	""	"https://lh5.googleusercontent.com/p/AF1QipPOxdD3ttz1Kw35CO25IX5KpCmlfSrV7t8iJptr=w408-h306-k-no"	"132"	"0"	"0"
"Nostre Bar"	"Bar"	"3,8"	"80"				"9:00 a 24:00"	"De 8:00 a 23:00"	"De 8:00 a 23:00"	"De 8:00 a 23:00"	"De 8:00 a 23:00"	"De 8:00 a 23:00"	"De 9:00 a 24:00"	""	"FJ72+7W Valencia"	"Carrer Jos√© Mar√≠a Mortes Lerma, 8, 46014 Val√®ncia, Valencia"	"Valencia"	"Valencia"	""	""	""	"No"	"39.4631732"	"-0.3974874"	"https://goo.gl/maps/JmkwyqgzC3d4kGWK9"	""	"https://lh5.googleusercontent.com/p/AF1QipMpgXi0YZOgi57nHOXXWWLy1eeLpL7EtUadEN4S=w408-h544-k-no"	"133"	"0"	"0"
"Restaurant Maipi"	"Restaurante"	"4,2"	"341"				"Cerrado"	"De 13:30 a 16:00,De 20:00 a 23:30"	"De 13:30 a 16:00,De 20:00 a 23:30"	"De 13:30 a 16:00,De 20:00 a 23:30"	"De 13:30 a 16:00,De 20:00 a 23:30"	"De 13:30 a 16:00,De 20:00 a 23:30"	"Cerrado"	""	"FJ7J+G3 Valencia"	"Carrer del Mestre Josep Serrano, 1, 46005 Val√®ncia, Valencia"	"Valencia"	"Valencia"	"maipi.es"	"963 73 57 09"	""	"No"	"39.4637601"	"-0.3697746"	"https://goo.gl/maps/Vdq4WDybHDJqeNNx9"	""	"https://lh5.googleusercontent.com/p/AF1QipMoPEVlrmyKVNmmkTuMm1HKHA0VUX6mXov5nTpH=w408-h305-k-no"	"134"	"0"	"0"
"Pik Nik"	"Restaurante"	"3,7"	"942"				"8:00 a 1:00"	"De 8:00 a 1:00"	"De 8:00 a 1:00"	"De 8:00 a 1:00"	"De 8:00 a 1:00"	"De 8:00 a 2:00"	"De 8:00 a 2:00"	""	"FJ6F+6G Valencia"	"C. de Cuba, 46, 46006 Val√®ncia, Valencia"	"Valencia"	"Valencia"	""	"960 11 98 61"	""	"No"	"39.460514"	"-0.3761437"	"https://g.page/Piknikrestaurante?share"	""	"https://lh5.googleusercontent.com/p/AF1QipN3__4DRtq7Ffgcj7LH-zk4V5eBsUY8YeWC6pCT=w408-h271-k-no"	"135"	"0"	"0"
"Portolito Centro"	"Restaurante"	"4,1"	"1.448"				"12:00 a 24:00"	"De 8:30 a 24:00"	"De 8:30 a 24:00"	"De 8:30 a 24:00"	"De 8:30 a 1:30"	"De 8:30 a 1:30"	"De 12:00 a 1:30"	""	"FJCG+63 Valencia"	"Carrer de les Barques, 13, 46002 Val√®ncia, Valencia"	"Valencia"	"Valencia"	"lotelitovalencia.com"	"962 06 78 52"	""	"No"	"39.4705222"	"-0.3747806"	"https://g.page/lotelitovalencia?share"	""	"https://lh5.googleusercontent.com/p/AF1QipPDyNt9aO_3IKA_D1jVV2ztVQXxyHO9PqD-9i4Y=w426-h240-k-no"	"136"	"0"	"0"
"El Almac√©n"	"Restaurante"	"4,1"	"588"				"Cerrado"	"De 20:30 a 24:00"	"De 20:30 a 24:00"	"De 20:30 a 24:00"	"De 20:30 a 24:00"	"De 20:30 a 0:30"	"De 20:30 a 0:30"	""	"FJ6G+F4 Valencia"	"Carrer de Sueca, 41, 46022 Val√®ncia, Valencia"	"Valencia"	"Valencia"	"elalmacenncr.com"	"963 28 12 00"	""	"No"	"39.4611397"	"-0.3747057"	"https://goo.gl/maps/ANVwL3fsDRTAThjX7"	""	"https://lh5.googleusercontent.com/p/AF1QipN531ZSsJWR5ppFdxQh2m5B3wHU98eeYJv0itKj=w408-h408-k-no"	"137"	"0"	"0"
"Tasca el Fino"	"Bar restaurante"	"3,8"	"97"				""	" "	" "	" "	" "	" "	""	""	"FJ7H+9R Valencia"	"Carrer del Pintor Salvador Abril, 13, 46005 Val√®ncia, Valencia"	"Valencia"	"Valencia"	""	""	""	"No"	"39.4634612"	"-0.37048"	"https://goo.gl/maps/ozDrtuz1TXCARCVG9"	""	"https://lh5.googleusercontent.com/p/AF1QipPj_AWXMolJ27kCTBuB3yPw1s3MCSDYbMGIItVd=w408-h544-k-no"	"138"	"0"	"0"
"Los Madriles Taberna"	"Taberna"	"4,2"	"761"				"12:00 a 17:00"	"De 12:00 a 17:00"	"De 0:00 a 0:30,De 12:00 a 17:00,De 19:00 a 0:30"	"De 12:00 a 17:00,De 19:00 a 0:30"	"De 12:00 a 17:00,De 19:00 a 0:30"	"De 12:00 a 17:00,De 19:00 a 0:30"	"De 12:00 a 17:00,De 19:00 a 0:30"	""	"FJ7J+CV Valencia"	"Av. del Regne de Val√®ncia, 48, 46005 Val√®ncia, Valencia"	"Valencia"	"Valencia"	"losmadrilestaberna.es"	"963 73 91 01"	""	"No"	"39.4635408"	"-0.3678671"	"https://g.page/losmadrilestaberna?share"	""	"https://lh5.googleusercontent.com/p/AF1QipO9y0kBdzLYgU76rNPqePrF1S7NuZ_tXPOHusbp=w408-h261-k-no"	"139"	"0"	"0"
"VR-RUSSAFA"	"Restaurante de cocina valenciana"	"4,1"	"92"				"12:00 a 16:00"	"Cerrado"	"Cerrado"	"Cerrado"	"Cerrado"	"De 21:00 a 23:30"	"De 12:00 a 16:00,De 21:00 a 23:30"	""	"FJ5F+QR Valencia"	"C. de Cuba, 60, 46006 Val√®ncia, Valencia"	"Valencia"	"Valencia"	""	"636 19 36 43"	""	"No"	"39.4594521"	"-0.3754352"	"https://g.page/vr-russafa?share"	""	"https://lh5.googleusercontent.com/p/AF1QipOZDBJt7M1NuNr3Oxu6Es2YTYsVUkEpxdK9Z0I9=w408-h305-k-no"	"140"	"0"	"0"
"Asador Coco Pazzo Valencia"	"Parrilla"	"4,5"	"405"				"13:00 a 0:30"	"De 19:00 a 0:30"	"Cerrado"	"De 19:00 a 0:30"	"De 19:00 a 0:30"	"De 19:00 a 0:30"	"De 13:00 a 0:30"	""	"FJ9P+25 Valencia"	"Carrer del Comte d&apos;Altea, 51, 46005 Val√®ncia, Valencia"	"Valencia"	"Valencia"	"cocopazzovalencia.com"	"963 32 85 69"	""	"No"	"39.4675708"	"-0.3645452"	"https://goo.gl/maps/1NEw5G19hoCSn9GD8"	""	"https://lh5.googleusercontent.com/p/AF1QipPYkNYeolPxK5nZuXnnG0do7-wv7C_MOtpV9iIf=w426-h240-k-no"	"141"	"0"	"0"
"Soul Coffee Beer"	"Hamburgueser√≠a"	"4,7"	"1.821"				"Cerrado"	"Cerrado"	"Cerrado"	"De 20:30 a 24:00"	"De 20:30 a 24:00"	"De 13:30 a 16:00,De 20:30 a 24:00"	"De 13:30 a 16:00,De 20:30 a 24:00"	""	"CHHP+P8 Paiporta"	"Carrer Sant Pasqual, 12, 46200 Paiporta, Valencia"	"Paiporta"	"Valencia"	"soulcoffeebeer.com"	"961 18 14 79"	""	"No"	"39.4293632"	"-0.4142485"	"https://g.page/soulcoffeebeer?share"	""	"https://lh5.googleusercontent.com/p/AF1QipNNvL5EsPYQbsd-1d0yuEegtw775b9JeBYBqZAm=w408-h306-k-no"	"142"	"0"	"0"
"Parque de Manuel Granero"	"Parque"	"3,6"	"317"				"24 horas"	"Abierto 24 horas"	"Abierto 24 horas"	"Abierto 24 horas"	"Abierto 24 horas"	"Abierto 24 horas"	"Abierto 24 horas"	""	"FJ5F+GM Valencia"	"Pla√ßa de Manuel Granero, 46006 Val√®ncia, Valencia"	"Valencia"	"Valencia"	""	"612 49 08 12"	""	"No"	"39.4588238"	"-0.3758653"	"https://goo.gl/maps/QXP9mX6GtoMgPSeK9"	""	"https://lh5.googleusercontent.com/p/AF1QipNnaKQzbaZ3SIRttqehw_RvvUyk7SM6QzZcXspY=w408-h544-k-no"	"143"	"0"	"0"
"Barberbirborbur Club"	"Club nocturno"	"3,9"	"122"				"Cerrado"	"Cerrado"	"Cerrado"	"Cerrado"	"Cerrado"	"De 22:00 a 3:30"	"De 18:00 a 3:30"	""	"FJ6G+RP Valencia"	"Carrer de Moss√®n Femenia, 15, 46004 Val√®ncia, Valencia"	"Valencia"	"Valencia"	""	"617 76 64 11"	""	"No"	"39.462073"	"-0.3732247"	"https://g.page/barberbirborburclub?share"	""	"https://lh5.googleusercontent.com/p/AF1QipPhBp3zLU3_myVJy6py0yo3o8VdoitqpR9g-JRy=w426-h240-k-no"	"144"	"0"	"0"
"HUNDRED"	"Hamburgueser√≠a"	"4,7"	"3.480"				"13:00 a 23:00"	"De 13:00 a 23:00"	"De 13:00 a 23:00"	"De 13:00 a 23:00"	"De 13:00 a 23:00"	"De 13:00 a 23:00"	"De 13:00 a 23:00"	""	"FJGP+5Q Valencia"	"Carrer de Misser Masc√≥, 22, Bajo derecha, 46010 Valencia"	"Valencia"	"Valencia"	"hundredburgers.com"	"962 14 54 52"	""	"No"	"39.4753996"	"-0.3630226"	"https://g.page/hundred-burgers?share"	""	"https://lh5.googleusercontent.com/p/AF1QipNtW-hXiw2MO17v5kE-Gl13nNbuyGjpYr_opawF=w426-h240-k-no"	"145"	"0"	"0"
"La Estrella"	"Restaurante"	"4,2"	"441"				"11:00 a 16:30"	"Cerrado"	"De 9:00 a 16:30,De 20:15 a 24:00"	"De 9:00 a 16:30,De 20:15 a 24:00"	"De 9:00 a 16:30,De 20:15 a 24:00"	"De 9:00 a 16:30,De 20:15 a 24:00"	"De 11:00 a 16:30,De 20:15 a 24:00"	""	"FJ7G+4G Valencia"	"Carrer de Sevilla, 30, 46006 Val√®ncia, Valencia"	"Valencia"	"Valencia"	"laestrellaruzafa.com"	"963 41 00 90"	""	"No"	"39.4628552"	"-0.37364"	"https://goo.gl/maps/CGCpsdNZhEyTJHJq8"	""	"https://lh5.googleusercontent.com/p/AF1QipPftklQNAMXAhRMvPTTVGRaGW_okDZSwQxXA4it=w408-h306-k-no"	"146"	"0"	"0"
"Ushuaia Bar"	"Restaurante argentino"	"4,4"	"139"				"11:00 a 21:30"	"De 8:30 a 22:30"	"De 8:30 a 22:30"	"De 8:30 a 22:30"	"De 8:30 a 22:30"	"De 8:30 a 22:30"	"De 8:30 a 22:30"	""	"FJ6P+Q6 Valencia"	"Av. de Peris i Valero, 179, 46005 Val√®ncia, Valencia"	"Valencia"	"Valencia"	"ushuaiavalencia.com"	"659 26 52 06"	""	"No"	"39.4619705"	"-0.3644955"	"https://goo.gl/maps/Rb9xusXpWDR7esWq7"	""	"https://lh5.googleusercontent.com/p/AF1QipMNTeABgLv-_TjW0VTmgMZPVgT5FXdjfUQxC2Q_=w408-h306-k-no"	"147"	"0"	"0"
"MAT32 // DISCOS BAR"	"Sala de baile"	"4,5"	"86"				"Cerrado"	"Cerrado"	"Cerrado"	"Cerrado"	"De 19:30 a 1:00"	"De 19:30 a 2:00"	"De 19:30 a 2:00"	""	"FJ6M+J3 Valencia"	"Carrer de Matias Perell√≥, 32, Bajo, 46005 Val√®ncia, Valencia"	"Valencia"	"Valencia"	"mat32.com"	"671 92 93 48"	""	"No"	"39.4615002"	"-0.3673143"	"https://goo.gl/maps/CCGaDWDaHDk26Vv67"	""	"https://lh5.googleusercontent.com/p/AF1QipNiLLePtsP9G74mbCAYyexW75oPC3pxfBa1obpP=w426-h240-k-no"	"148"	"0"	"0"
"Sattar, comida para llevar"	"Bar"	""	""				""	" "	" "	" "	" "	" "	""	""	"FJ6G+QF Valencia"	"Carrer de Puerto Rico, 46006 Cadis, Valencia"	"Valencia"	"Valencia"	""	""	""	"No"	"39.4619769"	"-0.3738403"	"https://goo.gl/maps/vTZkWBsHaUZUsFtu9"	""	"https://streetviewpixels-pa.googleapis.com/v1/thumbnail?panoid=LDylfsSbl3f1X2qnaXfyfQ&cb_client=search.gws-prod.gps&w=408&h=240&yaw=142.92184&pitch=0&thumbfov=100"	"149"	"0"	"0"
"Rte. libanes"	"Bar restaurante"	"3,0"	"1"				""	" "	" "	" "	" "	" "	""	""	"FJ6G+WQ Valencia"	"14, Carrer de Moss√®n Femenia, 12, 46004 Val√®ncia"	"Valencia"	"Val√®ncia"	""	""	""	"No"	"39.4622707"	"-0.3730332"	"https://goo.gl/maps/gzXfMZ9J2YaR38Hp6"	""	"https://streetviewpixels-pa.googleapis.com/v1/thumbnail?panoid=hu5b8j1pitTcNSY_hpNmhA&cb_client=search.gws-prod.gps&w=408&h=240&yaw=12.878165&pitch=0&thumbfov=100"	"150"	"0"	"0"
"Mali Gastrobar - C√°novas"	"Restaurante"	"4,5"	"243"				"Cerrado"	"De 9:00 a 24:00"	"De 9:00 a 24:00"	"De 9:00 a 24:00"	"De 9:00 a 24:00"	"De 9:00 a 24:00"	"De 11:00 a 24:00"	""	"FJ7M+W4 Valencia"	"Carrer de Borriana, 12, 46005 Val√®ncia, Valencia"	"Valencia"	"Valencia"	"gastrobarmali.wixsite.com"	"690 80 09 03"	""	"No"	"39.4648109"	"-0.3672464"	"https://goo.gl/maps/oUoHaajnUDrCnLKU7"	""	"https://lh5.googleusercontent.com/p/AF1QipPs0M3zsdpPOZlIsm-DnGqZNY3rbM6fgQ2hr9xm=w408-h544-k-no"	"151"	"0"	"0"
"La Morena Ruzafa"	"Restaurante"	"4,0"	"6"				""	" "	" "	" "	" "	" "	""	""	"FJ6G+MJ Valencia"	"Carrer dels Tomasos, 1, 46004 Val√®ncia, Valencia"	"Valencia"	"Valencia"	""	""	""	"No"	"39.4617342"	"-0.3733984"	"https://goo.gl/maps/C7V1PDfhTeyk2Muc8"	""	"https://lh5.googleusercontent.com/p/AF1QipMZajQ0YTEx6_6Krc0u6Ude1jZvgYH0f5NqEh6i=w426-h240-k-no"	"152"	"0"	"0"
"Bar barato"	"Bar"	""	""				"10:00 a 21:00"	"De 8:00 a 23:00"	"De 8:00 a 23:00"	"De 8:00 a 23:00"	"De 8:00 a 23:00"	"De 8:00 a 23:00"	"De 8:00 a 23:00"	""	"FJ4G+P8 Valencia"	"Avinguda del Doctor Waksman, 11, 46004 Val√®ncia, Valencia"	"Valencia"	"Valencia"	""	""	""	"No"	"39.4568101"	"-0.3742201"	"https://goo.gl/maps/BCBzaUB39aV3yk2D6"	""	"https://streetviewpixels-pa.googleapis.com/v1/thumbnail?panoid=CpRiUhnoKSXZ5OuKTalrlg&cb_client=search.gws-prod.gps&w=408&h=240&yaw=23.650042&pitch=0&thumbfov=100"	"153"	"0"	"0"
"Taberna Asturiana Casa Ana"	"Restaurante asturiano"	"4,1"	"158"				"12:30 a 16:30"	"Cerrado"	"Cerrado"	"De 12:00 a 16:00,De 20:00 a 24:00"	"De 12:00 a 16:00,De 20:00 a 24:00"	"De 12:00 a 16:00,De 20:00 a 24:00"	"De 12:00 a 16:00,De 20:00 a 24:00"	""	"FJ5H+W3 Valencia"	"Carrer de Cadis, 86, 46004 Val√®ncia, Valencia"	"Valencia"	"Valencia"	""	"963 33 10 82"	""	"No"	"39.4597949"	"-0.3722644"	"https://goo.gl/maps/JrbjZ5dFqdk9t7ZaA"	""	"https://lh5.googleusercontent.com/p/AF1QipN4Y9f4BRwU02Dz19aV8Zb82miHmRMA399r5Z0l=w426-h240-k-no"	"154"	"0"	"0"
"Hotel Zenit Valencia"	"Hotel"	"4,4"	"851"				""	" "	" "	" "	" "	" "	""	""	"FJ8C+VR Valencia"	"Carrer de Bail√®n, 8, 46007 Val√®ncia, Valencia"	"Valencia"	"Valencia"	"valencia.zenithoteles.com"	"963 52 90 00"	""	"No"	"39.4671362"	"-0.3778905"	"https://g.page/hotel-Zenit-Valencia?share"	""	"https://lh5.googleusercontent.com/p/AF1QipN0doFRtcfVK1IthgkFHjXUQyv-q30prVfJhLMU=w408-h611-k-no"	"155"	"0"	"0"
"ALENAR Bodega Mediterr√°nea"	"Bar de tapas"	"4,5"	"690"				"Cerrado"	"Cerrado"	"De 8:45 a 22:45"	"De 8:45 a 22:45"	"De 8:45 a 22:45"	"De 8:45 a 22:45"	"De 10:45 a 23:00"	""	"FJ9G+76 Valencia"	"Carrer de Mart√≠nez Cubells, 6, 46002 Val√®ncia, Valencia"	"Valencia"	"Valencia"	"alenarbodega.com"	"960 03 96 03"	""	"No"	"39.468195"	"-0.3744573"	"https://g.page/alenarbodega?share"	""	"https://lh5.googleusercontent.com/p/AF1QipP0MIMwc-Xc4qtPLy3oQJVxNtDdZNK8GaxMfcNN=w408-h271-k-no"	"156"	"0"	"0"
"Sorsi e Morsi Ruzafa"	"Restaurante italiano"	"4,2"	"616"				"13:30 a 16:00"	"De 13:30 a 16:00"	"De 13:30 a 16:00"	"De 13:30 a 16:00"	"De 13:30 a 16:00,De 20:00 a 24:00"	"De 13:30 a 16:00,De 20:00 a 24:00"	"De 13:30 a 16:00,De 20:00 a 24:00"	""	"FJ7G+2M Valencia"	"Carrer del Dr. Serrano, 11, 46006 Val√®ncia, Valencia"	"Valencia"	"Valencia"	"sorsiemorsi.com"	"963 22 55 43"	""	"No"	"39.4625059"	"-0.3732517"	"https://goo.gl/maps/L2rUN2N3ZxeLuc9R8"	""	"https://lh5.googleusercontent.com/p/AF1QipMOA7LdVt6jUOD8GHkexGbTyeKj4JsvKTArS55m=w408-h271-k-no"	"157"	"0"	"0"
"Gave Mx Valencia"	"Restaurante"	"4,5"	"404"				"De 20:00 a 23:00"	"De 13:30 a 16:00,De 20:00 a 23:00"	"De 20:00 a 23:00"	"De 20:00 a 23:00"	"De 20:00 a 23:00"	"De 13:30 a 16:00,De 20:00 a 23:00"	"De 13:30 a 16:00,De 20:00 a 23:00"	""	"FJ6G+65 Valencia"	"Carrer de Sueca, 46, 46006 Val√®ncia, Valencia"	"Valencia"	"Valencia"	"gavemx.com"	"659 11 44 06"	""	"No"	"39.4606157"	"-0.3746034"	"https://goo.gl/maps/sBcyb8mgCZpCFrXU8"	""	"https://lh5.googleusercontent.com/p/AF1QipPc8CdxqPkowVTCj2wJluR4AWfWCzLOQ4cylISJ=w408-h306-k-no"	"158"	"0"	"0"
"Mercatbar"	"Restaurante"	"4,2"	"1.478"				"Cerrado"	"Cerrado"	"De 13:30 a 17:00,De 20:30 a 24:00"	"De 13:30 a 17:00,De 20:30 a 24:00"	"De 13:30 a 17:00,De 20:30 a 24:00"	"De 13:30 a 17:00,De 20:30 a 0:30"	"De 13:30 a 17:00,De 20:30 a 0:30"	""	"FJ8M+77 Valencia"	"Carrer de Joaqu√≠n Costa, 27, 46005 Val√®ncia, Valencia"	"Valencia"	"Valencia"	"mercatbar.es"	"963 74 85 58"	""	"No"	"39.4657487"	"-0.3667261"	"https://g.page/mercatbarQD?share"	""	"https://lh5.googleusercontent.com/p/AF1QipNAsixthaWRBptMoU1wXyrOm-tBk3t-Z8fyMfwe=w408-h297-k-no"	"159"	"0"	"0"
"Palao Bistrot"	"Restaurante mediterr√°neo"	"4,6"	"203"				"Cerrado"	"De 19:00 a 24:00"	"De 19:00 a 24:00"	"De 19:00 a 24:00"	"De 19:00 a 24:00"	"De 19:00 a 24:00"	"De 19:00 a 24:00"	""	"FJ6G+93 Valencia"	"Carrer de Sueca, 40, bajo izquierda, 46006 Val√®ncia, Valencia"	"Valencia"	"Valencia"	"palaobistrot.com"	"965 05 75 14"	""	"No"	"39.460882"	"-0.3747825"	"https://goo.gl/maps/Ye25FaoWreN2GhXx8"	""	"https://lh5.googleusercontent.com/p/AF1QipPLunrd9yM8ha5BA2skrrgI71bV68i0cNGoUjYx=w408-h257-k-no"	"160"	"0"	"0"
"Tecolotes"	"Restaurante mexicano"	"4,5"	"534"				"13:30 a 16:30"	"Cerrado"	"Cerrado"	"De 20:30 a 23:30"	"De 20:30 a 23:30"	"De 20:30 a 23:30"	"De 13:30 a 16:30,De 20:30 a 24:00"	""	"FJ6G+76 Valencia"	"Carrer de Sueca, 51, 46005 Val√®ncia, Valencia"	"Valencia"	"Valencia"	""	"601 30 88 73"	""	"No"	"39.4607125"	"-0.3744104"	"https://goo.gl/maps/x6U11sCTU5HUDPVX7"	""	"https://lh5.googleusercontent.com/p/AF1QipNbUKefiC4S3GdH7OKlferVlpGWxtCs1Q7comO4=w408-h243-k-no"	"161"	"0"	"0"
"XTRA LRGE XL Playground"	"Club nocturno"	"3,5"	"187"				"Cerrado"	"Cerrado"	"Cerrado"	"Cerrado"	"De 23:00 a 3:30"	"De 23:00 a 3:30"	"De 17:30 a 3:30"	""	"FJ7F+HV Valencia"	"Gran Via de les Germanies, 21, Bajo izquierda, 46006 Valencia"	"Valencia"	"Valencia"	"bit.ly"	"617 76 64 11"	""	"No"	"39.4639954"	"-0.3753219"	"https://goo.gl/maps/uMMsdzGfs28Tt8Mc7"	""	"https://lh5.googleusercontent.com/p/AF1QipPvFbv270SnCxjdJf3JWnWcjz_2RRt9eFu2F4k=w408-h272-k-no"	"162"	"0"	"0"
"Soho Nail Bar"	"Sal√≥n de manicura y pedicura"	"5,0"	"52"				"Cerrado"	"De 9:00 a 20:00"	"De 10:00 a 20:00"	"De 10:00 a 20:00"	"De 10:00 a 20:00"	"De 9:00 a 20:00"	"Cerrado"	""	"FJ7H+Q6 Valencia"	"Av. del Regne de Val√®ncia, 16, 46005 Val√®ncia, Valencia"	"Valencia"	"Valencia"	"sohonailbar.es"	"960 21 63 54"	""	"No"	"39.4644171"	"-0.3719965"	"https://goo.gl/maps/QkKdgWrp8FFB9B5N7"	""	"https://lh5.googleusercontent.com/p/AF1QipOfR0qbpykCoN53d9UsIoG0zDw5VuC4elcJUgR9=w408-h408-k-no"	"163"	"0"	"0"
"Play Club"	"Discoteca"	"3,6"	"1.074"				"Cerrado"	"Cerrado"	"Cerrado"	"Cerrado"	"Cerrado"	"De 0:00 a 7:00"	"De 0:00 a 7:00"	""	"FJ7C+2X Valencia"	"C. de Cuba, 8, 46004 Val√®ncia, Valencia"	"Valencia"	"Valencia"	"xceed.me"	""	""	"No"	"39.46258"	"-0.3775665"	"https://goo.gl/maps/AhoUJPtmTh2m55Pg6"	""	"https://lh5.googleusercontent.com/p/AF1QipPVwlCfXk4tB5Z17Ops6fh7wAz7zG5-nqHpWLr4=w408-h271-k-no"	"164"	"0"	"0"
"La Gobernanta El Carmen"	"Restaurante"	"4,4"	"701"				""	" "	" "	" "	" "	" "	""	""	"FJG9+9J Valencia"	"Carrer de la Conquesta, 8, 46001 Val√®ncia, Valencia"	"Valencia"	"Valencia"	""	""	""	"No"	"39.4759753"	"-0.3809232"	"https://goo.gl/maps/GGnjHVBTp8LZ3MyX7"	""	"https://lh5.googleusercontent.com/p/AF1QipNNkXBdeIaMXF0pnPOlPxB70WN3Opqy4TtbWELT=w408-h306-k-no"	"165"	"0"	"0"
"2 Estaciones"	"Restaurante"	"4,6"	"414"				"Cerrado"	"Cerrado"	"Cerrado"	"De 13:30 a 15:30,De 20:30 a 22:30"	"De 13:30 a 15:30,De 20:30 a 22:30"	"De 13:30 a 15:30,De 20:30 a 22:30"	"De 13:30 a 15:30,De 20:30 a 22:30"	""	"FJ7H+3W Valencia"	"Carrer del Pintor Salvador Abril, 28, 46005 Val√®ncia, Valencia"	"Valencia"	"Valencia"	"restaurante2estaciones.com"	"963 03 46 70"	""	"No"	"39.4626585"	"-0.3702682"	"https://g.page/2Estaciones?share"	""	"https://lh5.googleusercontent.com/p/AF1QipMLBsY-ZFZ63bRGn-F_ZkDFtvRnwBLH5HUxtvQa=w408-h612-k-no"	"166"	"0"	"0"
"DDL Boutique"	"Cafeter√≠a"	"4,5"	"4.701"				"9:00 a 21:30"	"De 9:00 a 21:30"	"De 9:00 a 21:30"	"De 9:00 a 21:30"	"De 9:00 a 21:30"	"De 9:00 a 21:30"	"De 9:00 a 21:30"	""	"FJ6F+5G Valencia"	"Carrer del Pintor Gisbert, 2, 46006 Val√®ncia"	"Valencia"	"Val√®ncia"	"ddlboutique.com"	"960 03 59 49"	""	"No"	"39.460442"	"-0.3761554"	"https://goo.gl/maps/ELsVxwR28fGnoZPL6"	""	"https://lh5.googleusercontent.com/p/AF1QipNN1YX-Cxj0Qwzj2vcOIM6_6uOew6s1YY5K8e0Y=w408-h270-k-no"	"167"	"0"	"0"
"Pub Karaoke Lala Oeste"	"Karaoke"	"3,6"	"305"				"23:00 a 3:30"	"De 23:00 a 3:30"	"De 23:00 a 3:30"	"De 23:00 a 3:30"	"De 23:00 a 3:30"	"De 23:00 a 4:00"	"De 23:00 a 4:00"	""	"FJ84+3C Valencia"	"Carrer de Mariano Ribera, 33, 46018 Val√®ncia, Valencia"	"Valencia"	"Valencia"	"karaokelala.es"	"961 14 06 58"	""	"No"	"39.4652309"	"-0.3938816"	"https://goo.gl/maps/rMfynnwzgoX9QJfy7"	""	"https://lh5.googleusercontent.com/p/AF1QipNXje6gZ1_EUzuYOkXM_TTCewsuOrm_j1I6sLgT=w408-h544-k-no"	"168"	"0"	"0"
"Tasca Angel"	"Bar"	"4,4"	"790"				"Cerrado"	"De 10:30 a 15:00,De 19:30 a 23:00"	"De 10:30 a 15:00,De 19:30 a 23:00"	"De 10:30 a 15:00,De 19:30 a 23:00"	"De 10:30 a 15:00,De 19:30 a 23:00"	"De 10:30 a 15:00,De 19:30 a 23:00"	"De 10:30 a 15:00,De 19:30 a 23:00"	""	"FJFC+XW Valencia"	"C. de la Pur√≠ssima, 1, 46001 Val√®ncia, Valencia"	"Valencia"	"Valencia"	""	"963 91 78 35"	""	"No"	"39.474943"	"-0.3776546"	"https://g.page/victorarenasvergara?share"	""	"https://lh5.googleusercontent.com/p/AF1QipPO_18OxcBwEhmVi8QC7ZgrWay7QXoQdWAHSZel=w408-h371-k-no"	"169"	"0"	"0"
"Piccadilly"	"Club nocturno"	"3,0"	"380"				"Cerrado"	"Cerrado"	"Cerrado"	"Cerrado"	"Cerrado"	"De 23:00 a 7:30"	"De 23:00 a 7:30"	""	"FJ6H+M4 Valencia"	"Carrer dels Tomasos, 14, 46004 Val√®ncia, Valencia"	"Valencia"	"Valencia"	"piccadillyclub.es"	"617 76 63 98"	""	"No"	"39.4616357"	"-0.3722482"	"https://goo.gl/maps/xVngRuh8vsN7Fc7PA"	""	"https://lh5.googleusercontent.com/p/AF1QipN-kUlzjgwgnxHAOgOSGeDpLg5INv698hr8hFSl=w408-h272-k-no"	"170"	"0"	"0"
"L√°tex Club"	"Discoteca"	"3,6"	"460"				"Cerrado"	"Cerrado"	"Cerrado"	"Cerrado"	"Cerrado"	"De 0:00 a 7:30"	"De 0:00 a 7:30"	""	"FJ6G+JW Valencia"	"Carrer de Carles Cervera, 23, 46004 Val√®ncia, Valencia"	"Valencia"	"Valencia"	""	""	""	"No"	"39.4615073"	"-0.3727169"	"https://goo.gl/maps/c7hJxFxo8XcGDiTf8"	""	"https://lh5.googleusercontent.com/p/AF1QipNiQTNsjpr8D8P_tstktUft2MydZnu0Bt1E5B6N=w408-h306-k-no"	"171"	"0"	"0"
"Mercado de Ruzafa"	"Mercado"	"4,5"	"7.142"				"Cerrado"	"De 7:30 a 15:00"	"De 7:30 a 15:00"	"De 7:30 a 15:00"	"De 7:30 a 15:00"	"De 7:30 a 15:00"	"De 7:30 a 15:00"	""	"FJ6H+PG Valencia"	"Pl. del Bar√≥ de Cort√©s, s/n, 46005 Val√®ncia, Valencia"	"Valencia"	"Valencia"	"mercatderussafa.com"	"963 74 40 25"	""	"No"	"39.4619434"	"-0.3709482"	"https://goo.gl/maps/SGmXGrBHQDMkoMg57"	""	"https://lh5.googleusercontent.com/p/AF1QipPy4Qc4RC2WsqN3mPj42P5Yv-ET3CMC3PEB9Rn5=w408-h276-k-no"	"172"	"0"	"0"
"Restaurante Galipan"	"Restaurante de fusi√≥n"	"4,5"	"321"				"Cerrado"	"Cerrado"	"Cerrado"	"De 13:30 a 24:00"	"De 13:30 a 24:00"	"De 13:30 a 24:00"	"De 13:30 a 24:00"	""	"FJ8J+8C Valencia"	"Carrer del Comte d&apos;Altea, 13, 46005 Val√®ncia, Valencia"	"Valencia"	"Valencia"	"restaurantegalipan.com"	"960 70 83 13"	""	"No"	"39.4658079"	"-0.3688557"	"https://g.page/restaurantegalipan_vlc?share"	""	"https://lh5.googleusercontent.com/p/AF1QipP4ZqEH6PLSB-2EmewlUsDPqO4CyX8isNAGsjj1=w408-h306-k-no"	"173"	"0"	"0"
"Rione11 gastrobar"	"Restaurante italiano"	"4,6"	"102"				"Cerrado"	"De 11:30 a 18:00"	"De 11:30 a 18:00"	"De 11:30 a 18:00"	"De 11:30 a 24:00"	"De 11:30 a 24:00"	"De 12:30 a 24:00"	""	"FJ69+WR Valencia"	"Carrer del Dr. Gil i Morte, 11, 46007 Val√®ncia, Valencia"	"Valencia"	"Valencia"	""	"632 54 01 51"	""	"No"	"39.4623032"	"-0.3804249"	"https://goo.gl/maps/SZkFwXLPib4ukavy6"	""	"https://lh5.googleusercontent.com/p/AF1QipMDHKrR-750qSC0UnFbDeeh2wlV55glDyM2zJRN=w408-h408-k-no"	"174"	"0"	"0"
"Casel¬∑la Restaurante"	"Restaurante"	"4,2"	"521"				"13:00 a 16:30"	"De 10:00 a 16:30"	"De 10:00 a 16:30"	"De 10:00 a 16:30"	"De 10:00 a 16:30"	"De 10:00 a 16:30,De 20:00 a 23:30"	"De 13:00 a 23:30"	""	"FJ8J+FQ Valencia"	"Carrer del Comte d&apos;Altea, 17, 46005 Val√®ncia, Valencia"	"Valencia"	"Valencia"	"casellarestaurante.com"	"625 43 33 44"	""	"No"	"39.4661955"	"-0.3680774"	"https://goo.gl/maps/4tytv1tXkFjsY8bs9"	""	"https://lh5.googleusercontent.com/p/AF1QipOXmTPeWoCYYc1XMy5-5gkGYBrp6DStM71YxYGX=w493-h240-k-no"	"175"	"0"	"0"
"Parroquia de San Valero"	"Iglesia cat√≥lica"	"4,4"	"186"				"De 19:00 a 20:00"	"De 10:30 a 12:30,De 19:00 a 20:00"	"De 10:30 a 12:30,De 19:00 a 20:00"	"De 10:30 a 12:30,De 19:00 a 20:00"	"De 10:30 a 12:30,De 19:00 a 20:00"	"De 10:30 a 12:30,De 19:00 a 20:00"	"De 10:30 a 12:30,De 19:00 a 20:00"	""	"FJ7H+35 Valencia"	"Carrer del Pare Perera, 6, 46006 Val√®ncia, Valencia"	"Valencia"	"Valencia"	"valencia.es"	""	""	"No"	"39.4626287"	"-0.3720419"	"https://goo.gl/maps/h1jCw6P7qV1JQRn4A"	""	"https://lh5.googleusercontent.com/p/AF1QipNPwwtYn2X7KX74JVODrx7u4miuy-BNdHzBhsXg=w408-h586-k-no"	"176"	"0"	"0"
"Arroceria Hispania Hern√°n Cortes"	"Arrocer√≠a"	"4,1"	"358"				"9:30 a 17:30"	"Cerrado"	"Cerrado"	"De 9:30 a 17:30"	"De 9:30 a 17:30"	"De 9:30 a 17:30"	"De 9:30 a 17:30"	""	"FJ9H+3G Valencia"	"Carrer d&apos;Hern√°n Cort√©s, 20, 46004 Val√®ncia, Valencia"	"Valencia"	"Valencia"	"restaurantehispania.com"	"963 10 69 98"	""	"No"	"39.467728"	"-0.3711459"	"https://goo.gl/maps/Snj4uxfC9iN4y7BK6"	""	"https://lh5.googleusercontent.com/p/AF1QipN_ZXxkgqhkebftsg7fiHcE8qV56l0oDJVcwPnh=w408-h279-k-no"	"177"	"0"	"0"
