"Name (179)"	"Category"	"Rating"	"N¬∫ Reviews"	"User"	"Stars"	"User Comment"	"domingo"	"lunes"	"martes"	"mi√©rcoles"	"jueves"	"viernes"	"s√°bado"	"Description"	"Plus Code"	"Address"	"City"	"Province"	"Url"	"Telephone"	"email"	"Claim"	"Latitude"	"Longitude"	"Url in Maps"	"Iframe"	"Image Url"	"id"	"Day N."	"Saved"	"hash"
"üçΩ El Camerino Ruzafa - Restaurante Mediterr√°neo"	"Restaurante mediterr√°neo"	"4,5"	"2.116"				"De 19:30 a 24:00"	"De 14:00 a 16:30"	"Cerrado"	"De 19:30 a 24:00"	"De 19:30 a 24:00"	"De 19:30 a 24:00"	"De 13:30 a 17:00,De 20:30 a 24:00"	""	"FJ6G+WP Valencia"	"Carrer de Moss√®n Femenia, 16, 46006 Val√®ncia, Valencia"	"Valencia"	"Valencia"	"elcamerinoruzafa.com"	"658 61 76 25"	""	"No"	"39.4622617"	"-0.3732323"	"https://g.page/ElCamerinoRuzafa?share"	""	"https://lh5.googleusercontent.com/p/AF1QipO4-G6E7C3MY4dWLgSbKuEnacFJwkblvIzysXiD=w408-h268-k-no"	"0"	"0"	"0"
"Dando Le√±a | Ruzafa"	"Restaurante"	"4,2"	"808"				"De 20:30 a 0:30"	"De 13:30 a 16:30,De 20:30 a 0:30"	"De 13:30 a 16:30,De 20:30 a 0:30"	"De 13:30 a 16:30,De 20:30 a 0:30"	"De 13:30 a 16:30,De 20:30 a 0:30"	"De 13:30 a 17:30,De 20:30 a 1:30"	"De 13:30 a 17:30,De 20:30 a 1:30"	""	"FJ6G+65 Valencia"	"Carrer de Sueca, 46, 46006 Val√®ncia, Valencia"	"Valencia"	"Valencia"	"restaurantedandole√±a.com"	"605 24 89 80"	""	"No"	"39.4605972"	"-0.3746455"	"https://goo.gl/maps/VUWenYh9GRsqr7xb9"	""	"https://lh5.googleusercontent.com/p/AF1QipPsptzVovDLN_YwZcE06fOoUE5Dr7bcAB1tlDcD=w408-h460-k-no"	"1"	"0"	"0"
"Mamal√∫ Ruzafa"	"Restaurante"	"4,3"	"396"				"De 20:00 a 24:00"	"De 13:30 a 17:00,De 20:00 a 24:00"	"De 13:30 a 17:00,De 20:00 a 24:00"	"Cerrado"	"De 13:30 a 17:00,De 20:00 a 24:00"	"De 13:30 a 0:30"	"De 13:30 a 0:30"	""	"FJ6G+8M Valencia"	"Carrer del Literat Azor√≠n, 4, 46006 Val√®ncia, Valencia"	"Valencia"	"Valencia"	""	"960 91 30 07"	""	"No"	"39.4608586"	"-0.3732699"	"https://g.page/mamaluruzafa?share"	""	"https://lh5.googleusercontent.com/p/AF1QipOcykdnuZhj922-IpJMvXQ4UBfk8gj-CuZFFMnA=w408-h272-k-no"	"2"	"0"	"0"
"Cytrus Ruzafa"	"Bar restaurante"	"4,4"	"228"				"13:30 a 0:30"	"Cerrado"	"Cerrado"	"De 13:30 a 0:30"	"De 13:30 a 0:30"	"De 13:30 a 1:30"	"De 13:30 a 1:30"	""	"FJ7G+67 Valencia"	"Carrer de Cadis, 23, 46004 Val√®ncia, Valencia"	"Valencia"	"Valencia"	"cytrusruzafa.com"	"960 71 36 82"	""	"No"	"39.4630043"	"-0.3743308"	"https://g.page/cytrus-valencia?share"	""	"https://lh5.googleusercontent.com/p/AF1QipMSXsHxx2LUo2WIod2C8_4vDxlV_ZD3gOrO7bci=w408-h306-k-no"	"3"	"0"	"0"
"La Flaca de Ruzafa"	"Restaurante"	"4,2"	"964"				"10:00 a 24:00"	"De 10:00 a 24:00"	"De 10:00 a 24:00"	"De 10:00 a 24:00"	"De 10:00 a 24:00"	"De 10:00 a 24:00"	"De 10:00 a 24:00"	""	"FJ6F+GF Valencia"	"Carrer de Puerto Rico, 34, 46006 Val√®ncia, Valencia"	"Valencia"	"Valencia"	"laflacaderuzafa.com"	"963 41 82 72"	""	"No"	"39.4612507"	"-0.3762867"	"https://g.page/laflacaderuzafa?share"	""	"https://lh5.googleusercontent.com/p/AF1QipP8LhjQqc1uJUHYpO8LHIRdznfZ_8DWMGGVsxZO=w408-h252-k-no"	"4"	"0"	"0"
"Il Rosso Ruzafa"	"Restaurante italiano"	"4,2"	"756"				"De 20:00 a 24:00"	"De 12:30 a 16:30"	"Cerrado"	"De 12:30 a 16:30,De 20:00 a 24:00"	"De 12:30 a 16:30,De 20:00 a 24:00"	"De 12:30 a 16:30,De 20:00 a 24:00"	"De 12:30 a 16:30,De 20:00 a 24:00"	""	"FJ6G+7X Valencia"	"Carrer de Cadis, 59, 46004 Val√®ncia, Valencia"	"Valencia"	"Valencia"	"ilrosso.es"	"960 88 16 68"	""	"No"	"39.460631"	"-0.3726229"	"https://goo.gl/maps/7vSEstCWuR5HXpXh9"	""	"https://lh5.googleusercontent.com/p/AF1QipPdrYX56nJwMpwhd1cWNiJKhCv1Q5cadJULatmQ=w408-h612-k-no"	"5"	"0"	"0"
"La Cooperativa del mar"	"Marisquer√≠a"	"4,5"	"627"				"De 19:00 a 24:00"	"De 19:00 a 24:00"	"De 19:00 a 24:00"	"De 19:00 a 24:00"	"De 19:00 a 24:00"	"De 19:00 a 1:00"	"De 12:30 a 16:00,De 19:00 a 1:00"	""	"FJ6G+44 Valencia"	"Carrer del Literat Azor√≠n, 18, 46006 Val√®ncia, Valencia"	"Valencia"	"Valencia"	""	"963 22 44 42"	""	"No"	"39.4603059"	"-0.3746327"	"https://goo.gl/maps/11xjiQ86QNKFRojf6"	""	"https://lh5.googleusercontent.com/p/AF1QipPtHtUjeB9sPInb2hfAOU9Coeqav7toaj6LzT6n=w408-h510-k-no"	"6"	"0"	"0"
"La Taberna de Ruzafa"	"Restaurante"	"4,2"	"509"				"16:00 a 1:00"	"De 16:00 a 0:30"	"De 17:00 a 1:00"	"De 16:00 a 1:00"	"De 16:00 a 1:00"	"De 17:00 a 1:30"	"De 11:00 a 1:30"	""	"FJ6G+V9 Valencia"	"Carrer de Cadis, 42, 46004 Val√®ncia, Valencia"	"Valencia"	"Valencia"	"la-taberna-de-ruzafa.eatbu.com"	"633 44 07 09"	""	"No"	"39.4621552"	"-0.374037"	"https://goo.gl/maps/K7z2rGq8ifV6kugr7"	""	"https://lh5.googleusercontent.com/p/AF1QipPW05XiGeTacIAdukVjgQ19eEQZEKMZS2-jZ_TG=w408-h544-k-no"	"7"	"0"	"0"
"Do√±a Petrona"	"Restaurante"	"3,9"	"958"				"10:00 a 0:30"	"Cerrado"	"De 12:00 a 0:30"	"De 12:00 a 0:30"	"De 12:00 a 0:30"	"De 12:00 a 0:30"	"De 10:00 a 0:30"	""	"FJ7H+27 Valencia"	"Carrer del Pare Perera, 5, 46004 Val√®ncia, Valencia"	"Valencia"	"Valencia"	"do√±apetrona.es"	"963 36 49 83"	""	"No"	"39.462599"	"-0.3717625"	"https://g.page/dpetrona?share"	""	"https://lh5.googleusercontent.com/p/AF1QipNw8vdZ-HWq_51WF80kCElcP4ob5nn8_dIycIMw=w408-h272-k-no"	"8"	"0"	"0"
"Restaurante Zakaria"	"Restaurante marroqu√≠"	"4,5"	"596"				"13:45 a 24:00"	"De 13:45 a 24:00"	"De 13:45 a 24:00"	"De 13:45 a 24:00"	"De 13:45 a 24:00"	"De 13:45 a 24:00"	"De 13:45 a 24:00"	""	"FJ6F+HM Valencia"	"Carrer de Puerto Rico, 26, 46006 Val√®ncia, Valencia"	"Valencia"	"Valencia"	""	"638 24 97 38"	""	"No"	"39.461402"	"-0.3758193"	"https://g.page/RestauranteZakaria?share"	""	"https://lh5.googleusercontent.com/p/AF1QipO9VwTtg6QVF1yJgBfTDZg_E-a9UvRiEFJ1qd_Q=w408-h264-k-no"	"9"	"0"	"0"
"Restaurante Casa Amadeo"	"Bar de tapas"	"3,9"	"705"				"10:00 a 1:00"	"De 9:00 a 1:00"	"De 9:00 a 1:00"	"De 9:00 a 1:00"	"De 9:00 a 1:00"	"De 9:00 a 1:00"	"De 10:00 a 1:00"	""	"FJ6F+RM Valencia"	"Carrer de Sueca, 22, 46006 Val√®ncia, Valencia"	"Valencia"	"Valencia"	"restaurantecasaamadeo.com"	"963 44 03 52"	""	"No"	"39.4621341"	"-0.3757208"	"https://g.page/restaurantecasaamadeo?share"	""	"https://lh5.googleusercontent.com/p/AF1QipMJMsVCRVP6ZURHBjF702zt7mbIOpClfP29PoJw=w408-h725-k-no"	"10"	"0"	"0"
"La Tasqueta del Mercat"	"Restaurante"	"4,1"	"908"				"De 20:30 a 1:30"	"De 13:30 a 17:00"	"De 13:30 a 17:00"	"De 13:30 a 17:00"	"De 13:30 a 17:00,De 20:30 a 0:30"	"De 13:30 a 17:30,De 20:30 a 1:30"	"De 13:30 a 17:30,De 20:30 a 1:30"	""	"FJ6H+MP Valencia"	"Carrer del Mestre Aguilar, 2, 46006 Val√®ncia, Valencia"	"Valencia"	"Valencia"	"latasquetadelmercat.com"	"633 28 51 55"	""	"No"	"39.4617392"	"-0.3707326"	"https://g.page/latasquetadelmercat?share"	""	"https://lh5.googleusercontent.com/p/AF1QipNd-HcgjiqDswbCCwlkp7p6ckQxWNVp1DtzilsE=w408-h725-k-no"	"11"	"0"	"0"
"Savore Restaurante Ruzafa"	"Restaurante"	"4,0"	"84"				"16:00 a 1:00"	"Cerrado"	"De 16:00 a 1:00"	"De 16:00 a 1:00"	"De 16:00 a 1:00"	"De 16:00 a 1:00"	"De 16:00 a 1:00"	""	"FJ6H+C3 Valencia"	"Carrer de la Reina Na Maria, 2, 46004 Val√®ncia, Valencia"	"Valencia"	"Valencia"	"instagram.com"	""	""	"No"	"39.4610816"	"-0.3723618"	"https://goo.gl/maps/8UDje9WQQ9bkU2C96"	""	"https://lh5.googleusercontent.com/p/AF1QipP5OlKJZTC_PRc8ocsQfMXxqNPPMQCSnqOQtqGA=w427-h240-k-no"	"12"	"0"	"0"
"El Bouet"	"Restaurante"	"4,5"	"940"				"De 20:30 a 24:00"	"Cerrado"	"Cerrado"	"De 13:00 a 17:00,De 20:30 a 24:00"	"De 13:00 a 17:00,De 20:30 a 24:00"	"De 13:00 a 17:00,De 20:30 a 1:00"	"De 13:00 a 17:00,De 20:30 a 1:00"	""	"FJ7F+F3 Valencia"	"Gran Via de les Germanies, 34, 46006 Valencia"	"Valencia"	"Valencia"	"bouetrestaurant.es"	"960 07 07 89"	""	"No"	"39.4637125"	"-0.3773189"	"https://goo.gl/maps/bCJknugAG3VEffdk7"	""	"https://lh5.googleusercontent.com/p/AF1QipNRdlSTa37Cy9Nht_mnHSoa26MmJqIP79CpJb89=w408-h268-k-no"	"13"	"0"	"0"
"Capilla Bistro"	"Restaurante"	"4,6"	"57"				"14:00 a 0:30"	"Cerrado"	"Cerrado"	"De 14:00 a 0:30"	"De 14:00 a 0:30"	"De 14:00 a 0:30"	"De 14:00 a 0:30"	""	"FJ6J+GF Valencia"	"Carrer de Matias Perell√≥, 13, 46005 Val√®ncia, Valencia"	"Valencia"	"Valencia"	""	"610 58 41 85"	""	"No"	"39.4612529"	"-0.3687853"	"https://goo.gl/maps/hcSFmAdqxirJffmC7"	""	"https://lh5.googleusercontent.com/p/AF1QipPf4DCiaxH1REzpLBSNEkDV1olO1-sUmCD8RG__=w408-h545-k-no"	"14"	"0"	"0"
"MAUI RUSSAFA"	"Restaurante"	"4,6"	"760"				""	" "	" "	" "	" "	" "	""	""	"FJ6H+36 Valencia"	"Carrer dels Vivons, 27, 46006 Val√®ncia, Valencia"	"Valencia"	"Valencia"	""	"961 04 61 96"	""	"No"	"39.4602135"	"-0.3719315"	"https://goo.gl/maps/wzW1tNV97yFGLV4d9"	""	"https://lh5.googleusercontent.com/p/AF1QipNiyWs1xagT7JGSUNJQahxlx7AKVDDhO0bwXurk=w408-h408-k-no"	"15"	"0"	"0"
"La Buler√≠a Tablao Flamenco"	"Restaurante de cocina espa√±ola"	"4,6"	"649"				"Cerrado"	"Cerrado"	"Cerrado"	"Cerrado"	"De 20:00 a 22:30"	"De 20:00 a 22:30"	"De 20:00 a 22:30"	""	"FJ5M+8J Valencia"	"Carrer del Bisbe Jaume P√©rez, 24, 46006 Val√®ncia, Valencia"	"Valencia"	"Valencia"	"labuleria.com"	""	""	"No"	"39.4583477"	"-0.3658752"	"https://g.page/labuleriavalencia?share"	""	"https://lh5.googleusercontent.com/p/AF1QipPtoYcLdk1odEnoz2Q6XKm-Baktcy7Aoo0Mc0d7=w480-h240-k-no"	"16"	"0"	"0"
"Casa Cus"	"Restaurante"	"4,9"	"50"				"Cerrado"	"Cerrado"	"De 13:00 a 16:00"	"De 13:00 a 16:00,De 19:30 a 23:00"	"De 13:00 a 16:00,De 19:30 a 23:00"	"De 13:00 a 16:00,De 19:30 a 23:00"	"De 13:00 a 16:00,De 19:30 a 23:30"	""	"FJ6G+HP Valencia"	"Carrer de Cadis, 47, 46004 Val√®ncia, Valencia"	"Valencia"	"Valencia"	""	"624 23 13 89"	""	"No"	"39.4614411"	"-0.3731987"	"https://goo.gl/maps/7Rr3FaKcYvB8rRWL8"	""	"https://lh5.googleusercontent.com/p/AF1QipO5e5JBjYolWT90FxqNPwzU6SMeNirJCJmnRORX=w408-h544-k-no"	"17"	"0"	"0"
"La chingada"	"Restaurante mexicano"	"4,4"	"1.951"				"13:00 a 24:00"	"De 17:00 a 24:00"	"De 13:00 a 24:00"	"De 13:00 a 24:00"	"De 13:00 a 24:00"	"De 13:00 a 24:00"	"De 13:00 a 24:00"	""	"FJ6G+VW Valencia"	"Carrer de Moss√®n Femenia, 6, 46006 Val√®ncia, Valencia"	"Valencia"	"Valencia"	"lachingadaruzafa.com"	"963 23 71 57"	""	"No"	"39.4622105"	"-0.3727365"	"https://goo.gl/maps/MZ29NaUtuP8MxNLu8"	""	"https://lh5.googleusercontent.com/p/AF1QipP6WpSinGB0uu6-ZXy3LefLJIQM6p2V8rgH_QM3=w408-h306-k-no"	"18"	"0"	"0"
"Canalla Bistro by Ricard Camarena"	"Restaurante de fusi√≥n"	"4,4"	"3.428"				"De 20:00 a 24:00"	"De 20:00 a 24:00"	"De 20:00 a 24:00"	"De 20:00 a 24:00"	"De 20:00 a 24:00"	"De 13:30 a 17:00,De 20:00 a 24:00"	"De 13:30 a 17:00,De 20:00 a 24:00"	""	"FJ7J+C2 Valencia"	"Carrer del Mestre Josep Serrano, 5, 46005 Val√®ncia, Valencia"	"Valencia"	"Valencia"	"canallabistro.com"	"963 74 05 09"	""	"No"	"39.4635948"	"-0.3699989"	"https://g.page/canallabistrovlc?share"	""	"https://lh5.googleusercontent.com/p/AF1QipPxcOu0cWVgJQLhgYVaI21uz2eInVcHSxJIlCZ0=w408-h271-k-no"	"19"	"0"	"0"
"KEA Resto &amp; Copas"	"Restaurante"	"4,1"	"298"				"9:00 a 2:00"	"De 9:00 a 2:00"	"De 9:00 a 2:00"	"De 9:00 a 2:00"	"De 9:00 a 2:00"	"De 9:00 a 2:00"	"De 9:00 a 2:00"	""	"FJ6G+5V Valencia"	"Carrer de Cadis, 70, 46006 Val√®ncia, Valencia"	"Valencia"	"Valencia"	"grupokea.es"	"960 11 98 61"	""	"No"	"39.4604973"	"-0.3727698"	"https://goo.gl/maps/qfJvcZk5p1eV6e2T7"	""	"https://lh5.googleusercontent.com/p/AF1QipOoWU6Gvev2SVUsMwZbHeXbSRS_mXxNX1S9FJt0=w408-h272-k-no"	"20"	"0"	"0"
"Bar Aladroc"	"Bar"	"4,5"	"448"				"De 19:00 a 24:00"	"Cerrado"	"De 13:30 a 15:30,De 19:00 a 24:00"	"De 13:30 a 15:30,De 19:00 a 24:00"	"De 13:30 a 15:30,De 19:00 a 24:00"	"De 13:30 a 15:30,De 19:00 a 24:00"	"De 13:30 a 15:30,De 19:00 a 24:00"	""	"FJ5F+WM Valencia"	"Carrer del Literat Azor√≠n, 26, 46004 Val√®ncia, Valencia"	"Valencia"	"Valencia"	""	"722 71 37 18"	""	"No"	"39.4598201"	"-0.3757996"	"https://goo.gl/maps/nGWdkACSHzWDLkcH9"	""	"https://lh5.googleusercontent.com/p/AF1QipM4rghKakyzEANZn_6lqTAOBwu0WQKlEAOaQTbC=w408-h723-k-no"	"21"	"0"	"0"
"Taberna el rojo"	"Bar de tapas"	"4,1"	"949"				"16:00 a 1:30"	"De 16:00 a 1:30"	"De 16:00 a 1:30"	"De 16:00 a 1:30"	"De 16:00 a 1:30"	"De 16:00 a 1:30"	"De 12:00 a 1:30"	""	"FJ6G+7G Valencia"	"Carrer del Literat Azor√≠n, 10, 46004 Val√®ncia, Valencia"	"Valencia"	"Valencia"	"tabernaelrojo.es"	"637 62 49 69"	""	"No"	"39.4606815"	"-0.373682"	"https://goo.gl/maps/ZJTfKu4qpzmmHm2i8"	""	"https://lh5.googleusercontent.com/p/AF1QipNcDyby0hsDFEat8vau3OJhuMvbsfGpRHSSwhaR=w408-h306-k-no"	"22"	"0"	"0"
"RUZANUVOL Craft Beer &amp; Food | Cervecer√≠a Artesanal"	"Cervecer√≠a artesanal"	"4,5"	"750"				"12:30 a 24:00"	"De 18:00 a 24:00"	"Cerrado"	"De 18:00 a 24:00"	"De 18:00 a 1:00"	"De 18:00 a 1:00"	"De 12:30 a 1:00"	""	"FJ7J+8V Valencia"	"Carrer de Llu√≠s de Sant√†ngel, 3, 46005 Val√®ncia, Valencia"	"Valencia"	"Valencia"	"ruzanuvol.com"	"680 99 38 92"	""	"No"	"39.4633141"	"-0.3678289"	"https://g.page/Ruzanuvol?share"	""	"https://lh5.googleusercontent.com/p/AF1QipNwOTEHJ3qrq1EQFatYYJuYF9P2FHGIqqm8HoyK=w408-h306-k-no"	"23"	"0"	"0"
"Oli Bar Ruzafa"	"Bar de tapas"	"4,5"	"236"				"9:00 a 0:30"	"De 9:00 a 0:30"	"De 9:00 a 0:30"	"De 9:00 a 0:30"	"De 9:00 a 0:30"	"De 9:00 a 0:30"	"De 9:00 a 0:30"	""	"FJ5F+MR Valencia"	"Pla√ßa de Manuel Granero, 20, 46006 Val√®ncia, Valencia"	"Valencia"	"Valencia"	""	"960 05 61 12"	""	"No"	"39.4592129"	"-0.375404"	"https://goo.gl/maps/6P6NB62M1jAFc6ae8"	""	"https://lh5.googleusercontent.com/p/AF1QipNYVAziikyp5Wrd2r-y1J73NpqiL5kQUl_mCym7=w408-h306-k-no"	"24"	"0"	"0"
"The Black Turtle"	"Hamburgueser√≠a"	"4,2"	"2.093"				"De 20:00 a 24:00"	"De 13:00 a 16:00,De 20:00 a 24:00"	"De 13:00 a 16:00,De 20:00 a 24:00"	"De 13:00 a 16:00,De 20:00 a 24:00"	"De 13:00 a 16:00,De 20:00 a 24:00"	"De 13:00 a 16:00,De 20:00 a 24:00"	"De 13:00 a 16:00,De 20:00 a 24:00"	""	"FJ6G+68 Valencia"	"Carrer de Sueca, 51, 46006 Val√®ncia, Valencia"	"Valencia"	"Valencia"	""	"963 44 88 96"	""	"No"	"39.4605451"	"-0.3742994"	"https://g.page/the-black-turtle-ruzafa?share"	""	"https://lh5.googleusercontent.com/p/AF1QipPDOBY44NX0rXS-y2mCT_XwbOE7_xhNJJbG8OFT=w480-h240-k-no"	"25"	"0"	"0"
"El Rodam√≥n de Russafa"	"Restaurante mediterr√°neo"	"4,3"	"1.645"				"12:00 a 23:30"	"De 12:00 a 23:30"	"De 12:00 a 23:30"	"De 12:00 a 23:30"	"De 12:00 a 23:30"	"De 12:00 a 23:30"	"De 12:00 a 23:30"	""	"FJ6G+95 Valencia"	"Carrer de Sueca, 47, 46006 Val√®ncia, Valencia"	"Valencia"	"Valencia"	"elrodamon.com"	"963 21 80 14"	""	"No"	"39.4608967"	"-0.3745369"	"https://g.page/ElRodamon?share"	""	"https://lh5.googleusercontent.com/p/AF1QipOx02w6GVkwG9Xvgdn2gyLlMfioniDVVuTwN0BH=w408-h240-k-no-pi0-ya340-ro0-fo100"	"26"	"0"	"0"
"Chick Shack"	"Restaurante americano"	"4,3"	"310"				"12:00 a 0:30"	"De 12:00 a 0:30"	"De 12:00 a 0:30"	"De 12:00 a 0:30"	"De 12:00 a 0:30"	"De 12:00 a 1:00"	"De 12:00 a 1:00"	""	"FJ6G+7Q Valencia"	"Carrer de Cadis, 64, 66, 46006 Val√®ncia, Valencia"	"Valencia"	"Valencia"	"chickshack.es"	"621 33 01 88"	""	"No"	"39.4607357"	"-0.3730136"	"https://g.page/chick-shack?share"	""	"https://lh5.googleusercontent.com/p/AF1QipPpCG37OsccFYfv9RzOz4OW1sruDKwDd9wpuLdL=w426-h240-k-no"	"27"	"0"	"0"
"Zalamero | Coquer√≠a Ruzafa"	"Restaurante"	"4,7"	"191"				"De 20:00 a 22:30"	"Cerrado"	"Cerrado"	"De 20:00 a 23:30"	"De 20:00 a 23:30"	"De 20:00 a 23:30"	"De 13:30 a 16:00,De 20:00 a 24:00"	""	"FJ7G+9C Valencia"	"Carrer de Sevilla, 20, 46006 Val√®ncia, Valencia"	"Valencia"	"Valencia"	"zalamerobar.com"	"960 48 60 42"	""	"No"	"39.463494"	"-0.373947"	"https://g.page/zalameroruzafa?share"	""	"https://lh5.googleusercontent.com/p/AF1QipNjkgcjQiov0uC9Mv9NqeFR_R-sP5nkl7xIFea9=w425-h240-k-no"	"28"	"0"	"0"
"Ka√±a Makan"	"Restaurante mediterr√°neo"	"4,3"	"217"				"17:00 a 24:00"	"Cerrado"	"De 20:00 a 24:00"	"De 17:00 a 24:00"	"De 17:00 a 24:00"	"De 17:00 a 24:00"	"De 17:00 a 24:00"	""	"FJ5G+WF Valencia"	"Carrer de Sueca, 61, 46006 Val√®ncia, Valencia"	"Valencia"	"Valencia"	""	"960 15 07 96"	""	"No"	"39.4597884"	"-0.3738163"	"https://goo.gl/maps/iFzV5g2eQSye8UFN6"	""	"https://lh5.googleusercontent.com/p/AF1QipOKVMmGN-P6WXbI0fFCyG0_p6b1fDlY55MCkANC=w408-h306-k-no"	"29"	"0"	"0"
"Pizzeria Acqua e Farina"	"Pizzer√≠a"	"4,6"	"466"				"Cerrado"	"Cerrado"	"Cerrado"	"De 20:30 a 24:00"	"De 20:30 a 24:00"	"De 20:30 a 24:00"	"De 20:30 a 24:00"	""	"FJ6M+WR Valencia"	"Carrer de Matias Perell√≥, 52, 46005 Val√®ncia, Valencia"	"Valencia"	"Valencia"	"acquaefarina.es"	"963 12 97 88"	""	"No"	"39.4623448"	"-0.3653886"	"https://g.page/acquaefarinafantastiqueria?share"	""	"https://lh5.googleusercontent.com/p/AF1QipPOxdD3ttz1Kw35CO25IX5KpCmlfSrV7t8iJptr=w408-h306-k-no"	"30"	"0"	"0"
"Restaurante Casa Ru"	"Restaurante chino"	"4,2"	"510"				"De 19:00 a 24:00"	"Cerrado"	"De 11:30 a 16:30,De 19:00 a 24:00"	"De 11:30 a 16:30,De 19:00 a 24:00"	"De 11:30 a 16:30,De 19:00 a 24:00"	"De 11:30 a 16:30,De 19:00 a 24:00"	"De 11:30 a 16:30,De 19:00 a 24:00"	""	"FJ5G+RG Valencia"	"Carrer de Sueca, 65, 46006 Val√®ncia, Valencia"	"Valencia"	"Valencia"	"casaru.es"	"963 35 35 74"	""	"No"	"39.4596228"	"-0.3736971"	"https://goo.gl/maps/WWoU96RJYVjFsHJh6"	""	"https://lh5.googleusercontent.com/p/AF1QipNvutLavTLamx_XRgGE95n8wurWSyPDHzewpxe0=w426-h240-k-no"	"31"	"0"	"0"
"Italiamos - Restaurante Italiano"	"Restaurante italiano"	"4,5"	"397"				"18:00 a 24:00"	"De 18:00 a 23:00"	"De 18:00 a 23:00"	"De 18:00 a 23:00"	"De 18:00 a 23:00"	"De 18:00 a 24:00"	"De 18:00 a 24:00"	""	"FJ6G+68 Valencia"	"Carrer de Sueca, 51, 46004 Val√®ncia, Valencia"	"Valencia"	"Valencia"	"italiamos.com"	"963 12 75 99"	""	"No"	"39.4605673"	"-0.3743104"	"https://g.page/italiamoruzafa?share"	""	"https://lh5.googleusercontent.com/p/AF1QipPjQMQr-4lCxdt5p6yI5eG7qqs3cpbFvV8jTXS8=w408-h725-k-no"	"32"	"0"	"0"
"Egeo Suvlakeria Griega, Ruzafa"	"Restaurante griego"	"4,8"	"93"				"13:15 a 24:00"	"De 13:15 a 16:30,De 20:00 a 24:00"	"De 13:15 a 16:30,De 20:00 a 24:00"	"De 13:15 a 16:30,De 20:00 a 24:00"	"De 13:15 a 16:30,De 20:00 a 24:00"	"De 13:15 a 24:00"	"De 13:15 a 24:00"	""	"FJ6G+8H Valencia"	"Carrer del Literat Azor√≠n, 8, 46006 Val√®ncia, Valencia"	"Valencia"	"Valencia"	"egeosuvlakeria.com"	"960 21 01 48"	""	"No"	"39.4607928"	"-0.3735665"	"https://goo.gl/maps/kdPEJjnNu9DEuir97"	""	"https://lh5.googleusercontent.com/p/AF1QipOoBfFa7QE-Td8a2l88c2hClMJjuWhFkoaxA1ve=w408-h544-k-no"	"33"	"0"	"0"
"Dede Turkish Restaurant"	"Bar restaurante"	"3,9"	"655"				"11:30 a 0:30"	"De 11:30 a 0:30"	"De 11:30 a 0:30"	"De 11:30 a 0:30"	"De 11:30 a 0:30"	"De 11:30 a 0:30"	"De 11:30 a 0:30"	""	"FJ6F+QQ Valencia"	"Carrer de Sueca, 24, 46006 Val√®ncia, Valencia"	"Valencia"	"Valencia"	"dedeturkishrestaurant.com"	"960 05 84 90"	""	"No"	"39.461926"	"-0.3755727"	"https://goo.gl/maps/4fpyhqJgByD9JWXy7"	""	"https://lh5.googleusercontent.com/p/AF1QipMLqm1spugNm7baYV7rSzlHD19ydArr8qvC2vzB=w408-h271-k-no"	"34"	"0"	"0"
"Punk-o Punk-o"	"Restaurante"	"4,6"	"171"				"12:30 a 1:30"	"De 12:30 a 1:00"	"De 12:30 a 1:00"	"De 12:30 a 1:00"	"De 12:30 a 1:00"	"De 12:30 a 1:30"	"De 12:30 a 1:30"	""	"FJ6F+MR Valencia"	"Carrer de Sueca, 30, 46006 Val√®ncia, Valencia"	"Valencia"	"Valencia"	"punkopunko.es"	"661 34 55 13"	""	"No"	"39.4616361"	"-0.3754423"	"https://g.page/punk-o-punk-o?share"	""	"https://lh5.googleusercontent.com/p/AF1QipOnZr87ruOVtLDPavzXzbAVjXX51HGaN-_wWnue=w426-h240-k-no"	"35"	"0"	"0"
"Interno Mediterraneo - Pizza Gourmet, Cocktail y Copas"	"Pizzer√≠a"	"4,6"	"232"				"13:00 a 24:00"	"De 13:00 a 16:00,De 19:00 a 24:00"	"Cerrado"	"De 18:00 a 24:00"	"De 18:00 a 24:00"	"De 18:00 a 1:30"	"De 13:00 a 1:30"	""	"FJ6H+WW Valencia"	"Carrer de Pere III el Gran, 7, 46005 Val√®ncia, Valencia"	"Valencia"	"Valencia"	"internomediterraneo.com"	"960 06 72 32"	""	"No"	"39.4622595"	"-0.3701828"	"https://g.page/internomediterraneo?share"	""	"https://lh5.googleusercontent.com/p/AF1QipM6GKoWGQDYd-PxqOAaYU9D4MOQb6FPAas9kBCD=w408-h273-k-no"	"36"	"0"	"0"
"Restaurante Copenhagen"	"Restaurante vegetariano"	"4,4"	"1.722"				"De 20:00 a 23:30"	"De 13:30 a 16:00"	"De 13:30 a 16:00,De 20:00 a 23:30"	"De 13:30 a 16:00,De 20:00 a 23:30"	"De 13:30 a 16:00,De 20:00 a 23:30"	"De 13:30 a 16:00,De 20:00 a 23:30"	"De 13:30 a 16:00,De 20:00 a 23:30"	""	"FJ6G+8H Valencia"	"Carrer del Literat Azor√≠n, 8, 46006 Val√®ncia, Valencia"	"Valencia"	"Valencia"	"restaurantecopenhagen.es"	"963 28 99 28"	""	"No"	"39.4607276"	"-0.3735751"	"https://g.page/restaurantecopenhagen?share"	""	"https://lh5.googleusercontent.com/p/AF1QipPRVNWkClQq9f_kKz3kWzQGVMZmuLpW6M2EHrM-=w408-h272-k-no"	"37"	"0"	"0"
"SPACCA NAPOLI 2.0"	"Restaurante italiano"	"4,0"	"613"				"De 20:00 a 24:00"	"De 20:00 a 24:00"	"De 20:00 a 24:00"	"De 20:00 a 24:00"	"De 20:00 a 24:00"	"De 13:00 a 16:00,De 20:00 a 24:00"	"De 13:00 a 16:00,De 20:00 a 24:00"	""	"FJ6G+FX Valencia"	"Carrer de la Reina Na Maria, 3, bajo, 46006 Val√®ncia, Valencia"	"Valencia"	"Valencia"	"spaccanapoli.es"	"963 20 24 20"	""	"No"	"39.461241"	"-0.3725366"	"https://g.page/spaccanapoliruzafa?share"	""	"https://lh5.googleusercontent.com/p/AF1QipPJiRQN2_49ZoLJmb0uj2Fw4DFlnkthhNji-zc9=w408-h725-k-no"	"38"	"0"	"0"
"El Rincon Manchego"	"Restaurante"	"4,6"	"10"				"9:00 a 24:00"	"De 19:00 a 0:30"	"De 19:00 a 0:30"	"De 8:00 a 24:00"	"De 8:00 a 24:00"	"De 8:00 a 24:00"	"De 9:00 a 24:00"	""	"FJ5H+Q2 Valencia"	"Carrer dels Centelles, 27, 46004 Val√®ncia, Valencia"	"Valencia"	"Valencia"	""	"963 33 56 88"	""	"No"	"39.4593781"	"-0.3724383"	"https://goo.gl/maps/K8RWnADDVtnKtd9p9"	""	"https://lh5.googleusercontent.com/p/AF1QipMDobPj26ytXPG9afxLRtQ_V9a4xR4EYp2tcpih=w408-h408-k-no"	"39"	"0"	"0"
"Asador San Telmo"	"Bar restaurante"	"4,5"	"1.577"				"De 19:00 a 23:30"	"De 13:00 a 16:30,De 19:00 a 23:30"	"De 19:00 a 23:30"	"De 13:00 a 16:30,De 19:00 a 23:30"	"De 13:00 a 16:30,De 19:30 a 23:30"	"De 13:00 a 16:30,De 19:00 a 23:30"	"De 13:00 a 16:30,De 19:00 a 23:30"	""	"FJ6G+P4 Valencia"	"de, Carrer de Puerto Rico, 14, 46006 Val√®ncia, Valencia"	"Valencia"	"Valencia"	"asadorsantelmo.com"	"638 61 18 63"	""	"No"	"39.4618314"	"-0.3747382"	"https://g.page/asadorsantelmo?share"	""	"https://lh5.googleusercontent.com/p/AF1QipPDO-LkASHHvij-s2eCZgKicJr95FDDQj8RVyr0=w459-h240-k-no"	"40"	"0"	"0"
"Sorsi e Morsi Ruzafa"	"Restaurante italiano"	"4,2"	"616"				"13:30 a 16:00"	"De 13:30 a 16:00"	"De 13:30 a 16:00"	"De 13:30 a 16:00"	"De 13:30 a 16:00,De 20:00 a 24:00"	"De 13:30 a 16:00,De 20:00 a 24:00"	"De 13:30 a 16:00,De 20:00 a 24:00"	""	"FJ7G+2M Valencia"	"Carrer del Dr. Serrano, 11, 46006 Val√®ncia, Valencia"	"Valencia"	"Valencia"	"sorsiemorsi.com"	"963 22 55 43"	""	"No"	"39.4625059"	"-0.3732517"	"https://goo.gl/maps/QCqv3YFbbBF5aqB79"	""	"https://lh5.googleusercontent.com/p/AF1QipMOA7LdVt6jUOD8GHkexGbTyeKj4JsvKTArS55m=w408-h271-k-no"	"41"	"0"	"0"
"Kawori"	"Restaurante japon√©s"	"4,8"	"1.267"				"Cerrado"	"Cerrado"	"De 13:30 a 17:00,De 20:30 a 24:00"	"De 13:30 a 17:00,De 20:30 a 24:00"	"De 13:30 a 17:00,De 20:30 a 24:00"	"De 13:30 a 17:30,De 20:30 a 0:30"	"De 13:30 a 17:30,De 20:30 a 0:30"	""	"FJ7H+72 Valencia"	"Carrer de Carles Cervera, 8, Bajo Derecha, 46006 Valencia"	"Valencia"	"Valencia"	"kawori.es"	"961 14 48 16"	""	"No"	"39.4631644"	"-0.3724848"	"https://goo.gl/maps/YRaBNK2vcHpxDMYT8"	""	"https://lh5.googleusercontent.com/p/AF1QipMKYDqGkPK7PdOx6NimSkpu1FUkqtBuvpMW3GGM=w408-h272-k-no"	"42"	"0"	"0"
"Amor Amargo"	"Restaurante"	"4,5"	"491"				"12:00 a 18:30"	"Cerrado"	"De 12:00 a 0:30"	"De 12:00 a 0:30"	"De 12:00 a 0:30"	"De 12:00 a 0:30"	"De 12:00 a 0:30"	""	"FJ6H+V3 Valencia"	"Carrer de Moss√®n Femenia, 3, 46004 Val√®ncia, Valencia"	"Valencia"	"Valencia"	"instagram.com"	"675 46 46 69"	""	"No"	"39.4621782"	"-0.372298"	"https://goo.gl/maps/tjg1w1tigMYGGmCN6"	""	"https://lh5.googleusercontent.com/p/AF1QipN6aszXHOqU5J45qgm_qNBXZvsXAB5AQfAhM7Rs=w426-h240-k-no"	"43"	"0"	"0"
"El Almac√©n"	"Restaurante"	"4,1"	"588"				"Cerrado"	"De 20:30 a 24:00"	"De 20:30 a 24:00"	"De 20:30 a 24:00"	"De 20:30 a 24:00"	"De 20:30 a 0:30"	"De 20:30 a 0:30"	""	"FJ6G+F4 Valencia"	"Carrer de Sueca, 41, 46022 Val√®ncia, Valencia"	"Valencia"	"Valencia"	"elalmacenncr.com"	"963 28 12 00"	""	"No"	"39.4611397"	"-0.3747057"	"https://goo.gl/maps/exxpA3F1RehkD9mf8"	""	"https://lh5.googleusercontent.com/p/AF1QipN531ZSsJWR5ppFdxQh2m5B3wHU98eeYJv0itKj=w408-h408-k-no"	"44"	"0"	"0"
"lila &amp; lola"	"Restaurante"	"4,5"	"259"				"Cerrado"	"De 9:00 a 18:00"	"De 9:00 a 18:00"	"De 9:00 a 18:00"	"De 9:00 a 18:00,De 20:00 a 24:00"	"De 9:00 a 18:00,De 20:00 a 24:00"	"De 10:00 a 18:00,De 20:00 a 24:00"	""	"FJ7H+P9 Valencia"	"Av. del Regne de Val√®ncia, 18, 46005 Val√®ncia, Valencia"	"Valencia"	"Valencia"	""	"960 04 96 64"	""	"No"	"39.4643598"	"-0.3715476"	"https://goo.gl/maps/PSifaSBeoD4maMan8"	""	"https://lh5.googleusercontent.com/p/AF1QipOzYKaBjCwfCCsuXM50GQ8R2-OBk1AXwBX4St_A=w408-h544-k-no"	"45"	"0"	"0"
"La Anjana"	"Bar de tapas"	"4,4"	"461"				""	" "	" "	" "	" "	" "	""	""	"FJ6H+57 Valencia"	"Carrer dels Vivons, 23, 46006 Val√®ncia, Valencia"	"Valencia"	"Valencia"	""	"627 99 32 76"	""	"No"	"39.4604566"	"-0.3718391"	"https://g.page/LaAnjana?share"	""	"https://lh5.googleusercontent.com/p/AF1QipPH6s23lhtlEkDwrG2vFu_4nuYRZ5b8q9C9po7i=w408-h544-k-no"	"46"	"0"	"0"
"Huerta y Huerta"	"Restaurante"	"4,7"	"310"				"13:30 a 16:30"	"Cerrado"	"Cerrado"	"De 21:00 a 23:30"	"De 13:30 a 16:30,De 20:30 a 23:30"	"De 13:30 a 16:30,De 20:30 a 24:00"	"De 13:30 a 16:30,De 20:30 a 24:00"	""	"FJ6G+6X Valencia"	"Carrer de Cadis, 61, 46006 Val√®ncia, Valencia"	"Valencia"	"Valencia"	"lahuerta-rte.es"	"960 21 11 73"	""	"No"	"39.4605829"	"-0.3725588"	"https://g.page/Huertayhuerta_rte?share"	""	"https://lh5.googleusercontent.com/p/AF1QipO9of8R7DK4Ms7PdedV3bk-TlvKMdWfaQhz89hq=w426-h240-k-no"	"47"	"0"	"0"
"La Finestra"	"Pizzer√≠a"	"4,6"	"1.964"				"12:00 a 23:30"	"De 12:00 a 23:30"	"De 12:00 a 23:30"	"De 12:00 a 23:30"	"De 12:00 a 23:30"	"De 12:00 a 23:30"	"De 12:00 a 23:30"	""	"FJ6H+C8 Valencia"	"Carrer dels Vivons, 16, 46004 Val√®ncia, Valencia"	"Valencia"	"Valencia"	""	""	""	"No"	"39.4610639"	"-0.3717042"	"https://goo.gl/maps/pRLKACEX42kiirLF7"	""	"https://lh5.googleusercontent.com/p/AF1QipNUK4aQeGMpJrvpK9pqiHbm0Hjcazg_aPw4Ezu_=w408-h403-k-no"	"48"	"0"	"0"
"Restaurante Bar Biosca, Ruzafa"	"Bar restaurante"	"4,0"	"517"				"Cerrado"	"De 8:00 a 24:00"	"De 8:00 a 24:00"	"De 8:00 a 24:00"	"De 8:00 a 24:00"	"De 8:00 a 1:00"	"De 9:00 a 1:00"	""	"FJ7F+4P Valencia"	"Carrer de D√©nia, 46, 46006 Val√®ncia, Valencia"	"Valencia"	"Valencia"	"barbiosca.com"	"963 41 62 13"	""	"No"	"39.4628287"	"-0.375735"	"https://goo.gl/maps/xjj9vMP3HzGb4xx96"	""	"https://lh5.googleusercontent.com/p/AF1QipONufN_wF4OQoNRgzVk-TRMXpbvsaug3u6JJpI=w426-h240-k-no"	"49"	"0"	"0"
"Little Thai Ruzafa"	"Restaurante tailand√©s"	"4,1"	"1.205"				"De 19:30 a 23:00"	"De 12:30 a 15:45,De 19:30 a 23:00"	"De 12:30 a 15:45,De 19:30 a 23:00"	"De 12:30 a 15:45,De 19:30 a 23:30"	"De 12:30 a 15:45,De 19:30 a 23:00"	"De 12:30 a 15:45,De 19:30 a 23:30"	"De 12:30 a 15:45,De 19:30 a 23:30"	""	"FJ7M+85 Valencia"	"Carrer de Pere III el Gran, 46, 46005 Val√®ncia, Valencia"	"Valencia"	"Valencia"	"littlethai.es"	"960 26 10 40"	""	"No"	"39.4633159"	"-0.3671177"	"https://goo.gl/maps/RyVMabZ2oau2tk8C8"	""	"https://lh5.googleusercontent.com/p/AF1QipPxph-y4IC2b6V46Sawns3H0Mij7eZ4RKWuQg3L=w408-h272-k-no"	"50"	"0"	"0"
"Fierro"	"Restaurante"	"4,8"	"152"				"Cerrado"	"Cerrado"	"Cerrado"	"De 13:30 a 15:00"	"De 13:30 a 15:00"	"De 13:30 a 15:00,De 20:00 a 23:30"	"De 13:30 a 15:00,De 20:00 a 23:30"	""	"FJ7G+3W Valencia"	"Carrer del Dr. Serrano, 4, 46006 Val√®ncia, Valencia"	"Valencia"	"Valencia"	"fierrovlc.com"	"963 30 52 44"	""	"No"	"39.4626013"	"-0.3727525"	"https://g.page/fierrovalencia?share"	""	"https://lh5.googleusercontent.com/p/AF1QipM_L3bHG3idd9hIvHahJ_BX_DQ0kb_5A53ShDrv=w408-h274-k-no"	"51"	"0"	"0"
"Bekaa Bistro"	"Restaurante"	"4,6"	"359"				"De 20:00 a 24:00"	"De 13:00 a 16:00,De 20:00 a 24:00"	"Cerrado"	"Cerrado"	"De 13:00 a 16:00,De 20:00 a 24:00"	"De 13:00 a 16:00,De 20:00 a 24:00"	"De 13:00 a 16:00,De 20:00 a 24:00"	""	"FJ7M+72 Valencia"	"Carrer de Pere III el Gran, 40, 46005 Val√®ncia, Valencia"	"Valencia"	"Valencia"	"bekaa.es"	"961 62 41 05"	""	"No"	"39.4631253"	"-0.3674729"	"https://g.page/bekaa-bistro?share"	""	"https://lh5.googleusercontent.com/p/AF1QipOm0QHuzCCN2mToxOlsa11_Md2iDyptdfXEF_Ab=w408-h545-k-no"	"52"	"0"	"0"
"La Estrella"	"Restaurante"	"4,2"	"441"				"11:00 a 16:30"	"Cerrado"	"De 9:00 a 16:30,De 20:15 a 24:00"	"De 9:00 a 16:30,De 20:15 a 24:00"	"De 9:00 a 16:30,De 20:15 a 24:00"	"De 9:00 a 16:30,De 20:15 a 24:00"	"De 11:00 a 16:30,De 20:15 a 24:00"	""	"FJ7G+4G Valencia"	"Carrer de Sevilla, 30, 46006 Val√®ncia, Valencia"	"Valencia"	"Valencia"	"laestrellaruzafa.com"	"963 41 00 90"	""	"No"	"39.4628552"	"-0.37364"	"https://goo.gl/maps/WkvseUEMjxqh5rFy9"	""	"https://lh5.googleusercontent.com/p/AF1QipPftklQNAMXAhRMvPTTVGRaGW_okDZSwQxXA4it=w408-h306-k-no"	"53"	"0"	"0"
"Restaurante el Matador"	"Restaurante"	"4,8"	"87"				"13:30 a 16:00"	"Cerrado"	"Cerrado"	"De 13:30 a 16:00,De 20:30 a 23:00"	"De 13:30 a 16:00,De 20:30 a 23:00"	"De 13:30 a 16:00,De 20:30 a 23:00"	"De 13:30 a 16:00,De 20:30 a 23:00"	""	"FJ7G+G8 Valencia"	"Carrer de Sevilla, 12, 46006 Val√®ncia, Valencia"	"Valencia"	"Valencia"	""	"651 59 16 69"	""	"No"	"39.4637937"	"-0.3741692"	"https://g.page/restaurante-matador-valencia?share"	""	"https://lh5.googleusercontent.com/p/AF1QipMBjsdXrajQOELnzeTBaJcoVuMZzMhMkHY67qYx=w408-h725-k-no"	"54"	"0"	"0"
"La Salita"	"Restaurante"	"4,6"	"1.302"				"Cerrado"	"De 13:00 a 17:00,De 20:00 a 22:00"	"De 13:00 a 17:00,De 19:00 a 23:00"	"De 20:00 a 22:00"	"De 13:00 a 17:00,De 20:00 a 22:00"	"De 13:00 a 17:00,De 20:00 a 22:00"	"Cerrado"	""	"FJ7J+26 Valencia"	"Carrer de Pere III el Gran, 11, 46005 Val√®ncia, Valencia"	"Valencia"	"Valencia"	"anarkiagroup.com"	"609 33 07 60"	""	"No"	"39.4625364"	"-0.3694864"	"https://g.page/LaSalitabyBegoRodrigo?share"	""	"https://lh5.googleusercontent.com/p/AF1QipPYJ794AzSVwsRDMadBeaNPUYzX4dowu8dCl7Ow=w408-h272-k-no"	"55"	"0"	"0"
"A menos cuarto"	"Bar restaurante"	"3,6"	"16"				"11:00 a 24:00"	"Cerrado"	"De 19:00 a 24:00"	"De 19:00 a 24:00"	"De 19:00 a 24:00"	"De 11:00 a 24:00"	"De 11:00 a 24:00"	""	"FJ6G+Q9 Valencia"	"Carrer de Puerto Rico, 3, 46004 Val√®ncia, Valencia"	"Valencia"	"Valencia"	""	""	""	"No"	"39.4619456"	"-0.3739962"	"https://goo.gl/maps/Hk16VkxSa12HgvMr5"	""	"https://lh5.googleusercontent.com/p/AF1QipNu_E24e7RPTIijpcruLAEz1dUTvmONQ0ixoDNu=w426-h240-k-no"	"56"	"0"	"0"
"La Birra de Brian Ruzafa"	"Restaurante"	"4,2"	"376"				"Cerrado"	"Cerrado"	"Cerrado"	"Cerrado"	"De 18:00 a 0:30"	"De 18:00 a 2:30"	"De 18:00 a 2:30"	""	"FJ7F+GJ Valencia"	"Gran Via de les Germanies, 29, 46006 Valencia"	"Valencia"	"Valencia"	"labirradebrian.com"	"722 18 34 67"	""	"No"	"39.4637684"	"-0.3758893"	"https://goo.gl/maps/G7KgbiWDWFcCaB2XA"	""	"https://lh5.googleusercontent.com/p/AF1QipOwnTvlbtClGIap5kOK26G3YHo24JugFPRi7O3B=w408-h544-k-no"	"57"	"0"	"0"
"Palao Bistrot"	"Restaurante mediterr√°neo"	"4,6"	"203"				"Cerrado"	"De 19:00 a 24:00"	"De 19:00 a 24:00"	"De 19:00 a 24:00"	"De 19:00 a 24:00"	"De 19:00 a 24:00"	"De 19:00 a 24:00"	""	"FJ6G+93 Valencia"	"Carrer de Sueca, 40, bajo izquierda, 46006 Val√®ncia, Valencia"	"Valencia"	"Valencia"	"palaobistrot.com"	"965 05 75 14"	""	"No"	"39.460882"	"-0.3747825"	"https://goo.gl/maps/8PRumRPTcTUJZF6R6"	""	"https://lh5.googleusercontent.com/p/AF1QipPLunrd9yM8ha5BA2skrrgI71bV68i0cNGoUjYx=w408-h257-k-no"	"58"	"0"	"0"
"Restaurante Kababish"	"Restaurante"	"3,7"	"23"				"12:00 a 24:00"	"De 12:00 a 16:30,De 19:00 a 24:00"	"De 12:00 a 17:00,De 19:00 a 24:00"	"De 12:00 a 24:00"	"De 12:00 a 24:00"	"De 12:00 a 24:00"	"De 12:00 a 24:00"	""	"FJ7G+Q8 Valencia"	"Gran Via de les Germanies, 9, 46006 Valencia"	"Valencia"	"Valencia"	""	""	""	"No"	"39.4644146"	"-0.3742585"	"https://goo.gl/maps/FNXU65gNcXh3dA2u5"	""	"https://lh5.googleusercontent.com/p/AF1QipP9cS24-ZimIWd2zDnz2TM0RLXAruF75DhSquc=w426-h240-k-no"	"59"	"0"	"0"
"La Maja Gastrobar"	"Restaurante"	"4,2"	"395"				""	" "	" "	" "	" "	" "	""	""	"FJ6J+V5 Valencia"	"Carrer de Pere III el Gran, 12, 46005 Val√®ncia, Valencia"	"Valencia"	"Valencia"	""	""	""	"No"	"39.4622032"	"-0.369531"	"https://goo.gl/maps/r8KCTbcBhQW8CWEz5"	""	"https://lh5.googleusercontent.com/p/AF1QipPj7gAm9aO0li092Xw-V0wo-lY2SRz3jWX_toXe=w408-h305-k-no"	"60"	"0"	"0"
"El Chiringuito"	"Bar restaurante"	"4,7"	"123"				"Cerrado"	"De 7:00 a 17:00"	"De 7:00 a 16:00"	"De 7:00 a 16:00"	"De 7:00 a 16:00"	"De 7:00 a 16:00,De 19:30 a 23:30"	"De 8:00 a 16:00,De 19:30 a 23:30"	""	"FJ5G+G5 Valencia"	"C. de Cuba, 71, 46006 Val√®ncia, Valencia"	"Valencia"	"Valencia"	""	"633 74 89 25"	""	"No"	"39.4587974"	"-0.3746797"	"https://goo.gl/maps/DnDdigMdavdQn8z26"	""	"https://lh5.googleusercontent.com/p/AF1QipP4iuPk8QcG7Q9x74J-FVCcpPBEnKNKL2LYMnMN=w408-h544-k-no"	"61"	"0"	"0"
"Osteria vino e cucina"	"Restaurante italiano"	"4,6"	"382"				"Cerrado"	"Cerrado"	"De 13:30 a 16:00,De 20:30 a 23:30"	"De 13:30 a 16:00,De 20:30 a 23:30"	"De 13:30 a 16:00,De 20:30 a 23:30"	"De 13:30 a 16:00,De 20:30 a 23:30"	"De 13:30 a 16:00,De 20:30 a 23:30"	""	"FJ6H+J8 Valencia"	"Carrer dels Tomasos, 20, 46006 Val√®ncia, Valencia"	"Valencia"	"Valencia"	""	"962 06 61 72"	""	"No"	"39.4616294"	"-0.3717081"	"https://goo.gl/maps/shmGS56gBmCpSeEk6"	""	"https://lh5.googleusercontent.com/p/AF1QipOO7N-DUvP219kgDs5Bd0VTqAP040GKKStBOQiS=w408-h394-k-no"	"62"	"0"	"0"
"Mood Food"	"Restaurante"	"4,5"	"428"				"13:30 a 16:00"	"Cerrado"	"De 13:30 a 16:00"	"De 13:30 a 16:00"	"De 13:30 a 16:00"	"De 13:30 a 16:00,De 20:00 a 23:00"	"De 13:30 a 16:00,De 20:00 a 23:00"	""	"FJ7H+GM Valencia"	"Carrer del Pintor Salvador Abril, 7, 46005 Val√®ncia, Valencia"	"Valencia"	"Valencia"	""	"664 67 89 30"	""	"No"	"39.463851"	"-0.370778"	"https://goo.gl/maps/ELMiuS18sTyX2DsSA"	""	"https://lh5.googleusercontent.com/p/AF1QipO4IdK4G1D3IDvUsJM3bfzsJLLKqHI4v92gT8_H=w408-h272-k-no"	"63"	"0"	"0"
"Tecolotes"	"Restaurante mexicano"	"4,5"	"534"				"13:30 a 16:30"	"Cerrado"	"Cerrado"	"De 20:30 a 23:30"	"De 20:30 a 23:30"	"De 20:30 a 23:30"	"De 13:30 a 16:30,De 20:30 a 24:00"	""	"FJ6G+76 Valencia"	"Carrer de Sueca, 51, 46005 Val√®ncia, Valencia"	"Valencia"	"Valencia"	""	"601 30 88 73"	""	"No"	"39.4607125"	"-0.3744104"	"https://goo.gl/maps/9aw6mZ2ujZJTivzg7"	""	"https://lh5.googleusercontent.com/p/AF1QipNbUKefiC4S3GdH7OKlferVlpGWxtCs1Q7comO4=w408-h243-k-no"	"64"	"0"	"0"
"Restaurante Japon√©s - THE SUSHI ROOM"	"Restaurante japon√©s"	"4,0"	"760"				"De 20:00 a 23:30"	"De 20:00 a 23:30"	"De 20:00 a 23:30"	"De 20:00 a 23:30"	"De 20:00 a 23:30"	"De 13:30 a 16:00,De 20:00 a 24:00"	"De 13:30 a 16:00,De 20:00 a 24:00"	""	"FJ5F+XX Valencia"	"Carrer del Literat Azor√≠n, 25, 46006 Val√®ncia, Valencia"	"Valencia"	"Valencia"	"thesushiroom.es"	"961 14 85 69"	""	"No"	"39.4599446"	"-0.3750848"	"https://g.page/the-sushi-room-valencia?share"	""	"https://lh5.googleusercontent.com/p/AF1QipOY4nzLQytuF1bzV6Q9ylDO-5kKEVQakEuKdFKp=w426-h240-k-no"	"65"	"0"	"0"
"Ritual Resto Bar"	"Restaurante"	"4,5"	"32"				"8:00 a 22:00"	"Cerrado"	"Cerrado"	"Cerrado"	"De 8:00 a 22:00"	"De 8:00 a 22:00"	"De 8:00 a 22:00"	""	"FJ7G+HV Valencia"	"Carrer de Russafa, 45, 46004 Val√®ncia, Valencia"	"Valencia"	"Valencia"	""	"960 43 21 81"	""	"No"	"39.4639683"	"-0.3727883"	"https://goo.gl/maps/pmsQPnxkvhfEAAzn9"	""	"https://lh5.googleusercontent.com/p/AF1QipOvdL1YFMfE-2hBGsnueaCNNTm0ApxjpLICMt_M=w408-h547-k-no"	"66"	"0"	"0"
"Restaurante Japon√©s - TORA TABERNA JAPONESA"	"Restaurante japon√©s"	"4,5"	"1.076"				"Cerrado"	"Cerrado"	"De 20:30 a 23:30"	"De 20:30 a 23:30"	"De 20:30 a 23:30"	"De 20:30 a 23:30"	"De 20:30 a 23:30"	""	"FJ7J+38 Valencia"	"Carrer de Pere III el Gran, 13, 46006 Val√®ncia, Valencia"	"Valencia"	"Valencia"	""	"963 11 94 29"	""	"No"	"39.4626515"	"-0.3691314"	"https://goo.gl/maps/MkkKaU2Cvr1GUZiv6"	""	"https://lh5.googleusercontent.com/p/AF1QipP9k_8PL3itZyHbJlmU3SEr854euT5P-dsTh5OV=w408-h272-k-no"	"67"	"0"	"0"
"BAR SUECA - Comida Aut√©ntica China"	"Restaurante chino"	"4,3"	"143"				"De 19:30 a 24:00"	"Cerrado"	"De 11:30 a 16:30,De 19:30 a 24:00"	"De 11:30 a 16:30,De 19:30 a 24:00"	"De 11:30 a 16:30,De 19:30 a 24:00"	"De 11:30 a 16:30,De 19:30 a 24:00"	"De 11:30 a 16:30,De 19:30 a 24:00"	""	"FJ5G+VH Valencia"	"Carrer de Sueca, 65, 46004 Val√®ncia, Valencia"	"Valencia"	"Valencia"	""	"963 35 35 74"	""	"No"	"39.4596258"	"-0.3736992"	"https://goo.gl/maps/5idbGjTULso7Ae4h8"	""	"https://lh5.googleusercontent.com/p/AF1QipM8mcmzNrmvxprc4qjCzkIE-qjI49f5qTYYOWp1=w426-h240-k-no"	"68"	"0"	"0"
"Bar Verm√∫dez"	"Bar de tapas"	"4,4"	"1.096"				"Cerrado"	"De 20:00 a 23:00"	"De 20:00 a 23:00"	"De 20:00 a 23:00"	"De 13:00 a 16:00,De 20:00 a 23:00"	"De 13:00 a 16:00,De 20:00 a 24:00"	"De 13:00 a 24:00"	""	"FJ6F+XH Valencia"	"Carrer de Sueca, 16, 46004 Val√®ncia, Valencia"	"Valencia"	"Valencia"	"instagram.com"	"963 03 47 74"	""	"No"	"39.4625001"	"-0.3760504"	"https://g.page/bar_vermudez?share"	""	"https://lh5.googleusercontent.com/p/AF1QipMpeVbf2fjTbo98fuanI648veLDvyp5qTL7j3yR=w408-h272-k-no"	"69"	"0"	"0"
"Restaurante Russafa Fina Orient - Restaurante de cocina valenciana"	"Restaurante"	"4,1"	"60"				"12:00 a 18:30"	"De 12:00 a 18:00"	"De 12:00 a 18:00"	"De 12:00 a 18:00"	"De 12:00 a 18:00"	"De 12:00 a 18:00"	"De 12:00 a 18:00"	""	"FJ7H+P6 Valencia"	"Carrer de Sant Valero, 4, 46005 Val√®ncia, Valencia"	"Valencia"	"Valencia"	"restauranteslagenuina.com"	"960 05 73 18"	""	"No"	"39.4642829"	"-0.372016"	"https://g.page/restaurante-russafa?share"	""	"https://lh5.googleusercontent.com/p/AF1QipM9mNlySebaX1PeYJFI5tSjwgNGJHilwz-64cer=w426-h240-k-no"	"70"	"0"	"0"
"Restaurant Maipi"	"Restaurante"	"4,2"	"341"				"Cerrado"	"De 13:30 a 16:00,De 20:00 a 23:30"	"De 13:30 a 16:00,De 20:00 a 23:30"	"De 13:30 a 16:00,De 20:00 a 23:30"	"De 13:30 a 16:00,De 20:00 a 23:30"	"De 13:30 a 16:00,De 20:00 a 23:30"	"Cerrado"	""	"FJ7J+G3 Valencia"	"Carrer del Mestre Josep Serrano, 1, 46005 Val√®ncia, Valencia"	"Valencia"	"Valencia"	"maipi.es"	"963 73 57 09"	""	"No"	"39.4637601"	"-0.3697746"	"https://goo.gl/maps/z42wUihksDDTmfmCA"	""	"https://lh5.googleusercontent.com/p/AF1QipMoPEVlrmyKVNmmkTuMm1HKHA0VUX6mXov5nTpH=w408-h305-k-no"	"71"	"0"	"0"
"En Rusafa"	"Restaurante"	"3,0"	"1"				""	" "	" "	" "	" "	" "	""	""	"FJ6H+H5 Valencia"	"Carrer de la Reina Na Maria, 9, 46004 Val√®ncia, Valencia"	"Valencia"	"Valencia"	""	""	""	"No"	"39.4614019"	"-0.3720536"	"https://goo.gl/maps/7aPiu6gUcMRdJGY26"	""	"https://streetviewpixels-pa.googleapis.com/v1/thumbnail?panoid=Ip-vcTFBzzQBbQxORPuRBw&cb_client=search.gws-prod.gps&w=408&h=240&yaw=315.79&pitch=0&thumbfov=100"	"72"	"0"	"0"
"Loft 41, Valencia, Ruzafa"	"Restaurante"	"4,9"	"8"				"9:00 a 23:30"	"De 9:00 a 23:30"	"De 9:00 a 23:30"	"De 9:00 a 23:30"	"De 9:00 a 23:30"	"De 9:00 a 23:30"	"De 9:00 a 23:30"	""	"FJ6F+75 Valencia"	"Carrer de Puerto Rico, 41, 46004 Val√®ncia, Valencia"	"Valencia"	"Valencia"	""	"675 63 00 57"	""	"No"	"39.4606221"	"-0.3770752"	"https://goo.gl/maps/x69U8DdQYF2CARN58"	""	"https://streetviewpixels-pa.googleapis.com/v1/thumbnail?panoid=oTGejUhiHuHXsGXGq8_M6Q&cb_client=search.gws-prod.gps&w=408&h=240&yaw=135.80943&pitch=0&thumbfov=100"	"73"	"0"	"0"
"Restaurante Japon√©s - HIKARI YAKITORI BAR"	"Restaurante japon√©s"	"4,5"	"696"				"Cerrado"	"Cerrado"	"Cerrado"	"De 13:30 a 16:45,De 20:30 a 23:30"	"De 13:30 a 16:45,De 20:30 a 23:30"	"De 13:30 a 16:45,De 20:30 a 23:30"	"De 13:30 a 16:45,De 20:30 a 23:30"	""	"FJ6H+M5 Valencia"	"Carrer dels Tomasos, 18, 46004 Val√®ncia, Valencia"	"Valencia"	"Valencia"	"hikariyakitoribar.es"	"686 88 29 85"	""	"No"	"39.4616288"	"-0.3721004"	"https://goo.gl/maps/PrGuFPWbLA6Hjv8R9"	""	"https://lh5.googleusercontent.com/p/AF1QipNUp4x5V4OYf5M9-iQwoCiyWCkIBXntz8sAtRFX=w408-h272-k-no"	"74"	"0"	"0"
"HUME Russafa"	"Restaurante chino"	"4,6"	"117"				"Cerrado"	"De 8:30 a 23:30"	"De 8:30 a 23:30"	"De 8:30 a 23:30"	"De 8:30 a 23:30"	"De 8:30 a 24:00"	"De 11:30 a 24:00"	""	"FJ6H+Q6 Valencia"	"Pl. del Bar√≥ de Cort√©s, 20, 46006 Val√®ncia, Valencia"	"Valencia"	"Valencia"	""	"644 63 95 20"	""	"No"	"39.461939"	"-0.371942"	"https://goo.gl/maps/JWQdSY3uNRcoQG5P6"	""	"https://lh5.googleusercontent.com/p/AF1QipOizvtS_ps9ncJ_z8xVym2RQ_Baj81VfoUNFmsW=w408-h306-k-no"	"75"	"0"	"0"
"Lizarran Rufaza"	"Restaurante"	"3,5"	"685"				"Cerrado"	"De 9:30 a 23:00"	"De 9:30 a 23:00"	"De 9:30 a 23:00"	"De 9:30 a 23:00"	"De 9:30 a 24:00"	"De 11:30 a 0:30"	""	"FJ8G+C5 Valencia"	"Carrer de Russafa, 46004 Val√®ncia, Valencia"	"Valencia"	"Valencia"	"lizarran.es"	"963 03 48 93"	""	"No"	"39.4661073"	"-0.3745517"	"https://goo.gl/maps/fVthEhYLyNieSTb79"	""	"https://lh5.googleusercontent.com/p/AF1QipPVpOscZqoH4BkPmi0ffPYZ2YU8bzaEAZHZt13Z=w408-h306-k-no"	"76"	"0"	"0"
"Hamburgueseria Bufit Ruzafa."	"Hamburgueser√≠a"	"4,4"	"776"				"De 20:00 a 23:30"	"De 20:00 a 23:30"	"De 20:00 a 23:30"	"De 20:00 a 23:30"	"De 20:00 a 23:30"	"De 20:00 a 23:30"	"De 13:00 a 15:30,De 20:00 a 23:30"	""	"FJ6G+44 Valencia"	"Carrer del Literat Azor√≠n, 20, 46006 Val√®ncia, Valencia"	"Valencia"	"Valencia"	"bufitruzafa.com"	"963 21 50 20"	""	"No"	"39.460314"	"-0.374727"	"https://g.page/BUFIT?share"	""	"https://lh5.googleusercontent.com/p/AF1QipNcErnJ9xN_AR5fkqpVTiOZFfrwXgaWWDtuFL2e=w408-h271-k-no"	"77"	"0"	"0"
"De Claire Oyster bar"	"Bar restaurante de ostras"	"4,6"	"176"				"13:00 a 16:00"	"De 13:00 a 16:00,De 20:00 a 24:00"	"De 13:00 a 16:00,De 20:00 a 24:00"	"De 13:00 a 16:00,De 20:00 a 24:00"	"De 13:00 a 16:00,De 20:00 a 24:00"	"De 13:00 a 16:00,De 20:00 a 24:00"	"De 13:00 a 16:00,De 20:00 a 24:00"	""	"FJ7G+5J Valencia"	"Carrer de Sevilla, 27, 46006 Val√®ncia, Valencia"	"Valencia"	"Valencia"	""	"963 25 36 57"	""	"No"	"39.4628875"	"-0.3734682"	"https://goo.gl/maps/HhQuaNKhLuGbb2276"	""	"https://lh5.googleusercontent.com/p/AF1QipNq0D2DGi5tesh3_wb1uSaeSxQ_9kASwM4VKkQV=w408-h271-k-no"	"78"	"0"	"0"
"L&apos;Alquimista"	"Restaurante italiano"	"4,4"	"650"				"12:00 a 15:30"	"De 12:00 a 16:00,De 19:30 a 23:30"	"Cerrado"	"Cerrado"	"De 12:00 a 15:30,De 19:30 a 23:00"	"De 12:00 a 15:30,De 19:30 a 23:00"	"De 12:00 a 15:30,De 19:30 a 23:00"	""	"FJ7J+9R Valencia"	"Carrer de Llu√≠s de Sant√†ngel, 1, 46005 Val√®ncia, Valencia"	"Valencia"	"Valencia"	""	"685 20 14 13"	""	"No"	"39.463418"	"-0.3679102"	"https://goo.gl/maps/H59odb3XFM8biiFV7"	""	"https://lh5.googleusercontent.com/p/AF1QipPz6dxLIzixaG_V_qe9cxgXvnkBck4sq--7GXhf=w408-h306-k-no"	"79"	"0"	"0"
"Veganum"	"Restaurante vegano"	"4,7"	"345"				"De 20:00 a 23:00"	"De 13:00 a 16:00,De 20:00 a 23:00"	"De 13:00 a 16:00,De 20:00 a 23:00"	"De 13:00 a 15:50,De 20:00 a 23:00"	"De 13:00 a 16:00,De 20:00 a 23:00"	"De 13:00 a 16:00,De 20:00 a 23:00"	"De 13:00 a 16:00,De 20:00 a 23:00"	""	"FJ6G+27 Valencia"	"Carrer de Sueca, 52, 46006 Val√®ncia, Valencia"	"Valencia"	"Valencia"	"veganum.es"	"722 50 69 17"	""	"No"	"39.4600221"	"-0.3742653"	"https://g.page/veganum?share"	""	"https://lh5.googleusercontent.com/p/AF1QipM2QUGP55WetKxRZho3MwJg9WAvDpfsd1cY8xuJ=w408-h611-k-no"	"80"	"0"	"0"
"Demasiado Coraz√≥n"	"Restaurante mexicano"	"4,8"	"267"				"De 20:00 a 23:30"	"De 19:00 a 23:30"	"Cerrado"	"De 19:00 a 23:30"	"De 19:00 a 23:30"	"De 13:30 a 15:30,De 20:00 a 23:30"	"De 13:30 a 15:30,De 20:00 a 23:30"	""	"FJ5H+P5 Valencia"	"Carrer de Cadis, 90, 46004 Val√®ncia, Valencia"	"Valencia"	"Valencia"	"mexicanodemasiadocorazon.com"	"960 19 86 64"	""	"No"	"39.4593394"	"-0.3719686"	"https://goo.gl/maps/3epVqdAZy9QsrmMn9"	""	"https://lh5.googleusercontent.com/p/AF1QipN4T2-1vfiEnuAG_rADT8ncG08Fk7cH2CzDDd93=w408-h306-k-no"	"81"	"0"	"0"
"Bar Cafeter√≠a La Sillita de la Reina"	"Bar de tapas"	"4,4"	"236"				"Cerrado"	"De 10:00 a 18:00"	"De 10:00 a 18:00"	"De 10:00 a 18:00"	"De 10:00 a 18:00"	"De 10:00 a 18:00"	"De 11:00 a 18:00"	""	"FJ6H+M6 Valencia"	"Carrer dels Tomasos, 17, Bajo, 46006 Val√®ncia, Valencia"	"Valencia"	"Valencia"	"monicahp90.wix.com"	"691 38 74 52"	""	"No"	"39.4617339"	"-0.371917"	"https://goo.gl/maps/7Fo8YhfnoCUSbsKb6"	""	"https://lh5.googleusercontent.com/p/AF1QipOSLDit5GBfvxx9EqK07EZM2czx98s3RmA3kvdL=w408-h306-k-no"	"82"	"0"	"0"
"La Fragua GastroTime"	"Restaurante"	"4,2"	"578"				"10:00 a 17:00"	"Cerrado"	"De 9:00 a 24:00"	"De 9:00 a 24:00"	"De 9:00 a 24:00"	"De 9:00 a 24:00"	"De 10:00 a 24:00"	""	"FJ5F+FC Valencia"	"Pla√ßa de Manuel Granero, 9, 46006 Val√®ncia"	"Valencia"	"Val√®ncia"	""	"963 03 49 47"	""	"No"	"39.4587139"	"-0.3764943"	"https://goo.gl/maps/kY41zLwUo6BgwixFA"	""	"https://lh5.googleusercontent.com/p/AF1QipOU6AeZBUqT8dJj_MOv4AuGtlUT4Zhj8bNc0TN6=w408-h544-k-no"	"83"	"0"	"0"
"Fayer Bar"	"Restaurante"	"4,4"	"142"				"13:00 a 18:00"	"Cerrado"	"Cerrado"	"De 13:00 a 24:00"	"De 13:00 a 0:30"	"De 13:00 a 0:30"	"De 13:00 a 0:30"	""	"FJ7F+RV Valencia"	"Gran Via de les Germanies, 16, 46004 Valencia"	"Valencia"	"Valencia"	"instagram.com"	"960 71 41 01"	""	"No"	"39.4645496"	"-0.3752967"	"https://g.page/fayerbar?share"	""	"https://lh5.googleusercontent.com/p/AF1QipNMRswTgCygzAO5aYlYoNJ6sb5nFcgkRDMtCMIb=w408-h295-k-no"	"84"	"0"	"0"
"Russafa Doner Kebab"	"Restaurante turco"	"3,9"	"45"				"12:30 a 2:00"	"De 12:30 a 2:00"	"De 12:30 a 24:00"	"Cerrado"	"Cerrado"	"De 12:30 a 4:00"	"De 12:30 a 4:00"	""	"FJ6G+69 Valencia"	"Carrer del Literat Azor√≠n, 16, 46006 Val√®ncia, Valencia"	"Valencia"	"Valencia"	""	"612 50 76 34"	""	"No"	"39.4605188"	"-0.3740603"	"https://goo.gl/maps/s38HG4FPQShyJNCm9"	""	"https://lh5.googleusercontent.com/p/AF1QipOg-eWA9HEr8qI0mZYdjkwYGB1ujk8zLBQhZsqR=w408-h544-k-no"	"85"	"0"	"0"
"Slaughterhouse"	"Bar restaurante"	"4,3"	"303"				"Cerrado"	"Cerrado"	"De 19:00 a 24:00"	"De 19:00 a 24:00"	"De 19:00 a 24:00"	"De 19:00 a 24:00"	"De 19:00 a 24:00"	""	"FJ7G+87 Valencia"	"Carrer de D√©nia, 22, 46006 Val√®ncia, Valencia"	"Valencia"	"Valencia"	""	"960 22 38 20"	""	"No"	"39.4633812"	"-0.3742572"	"https://goo.gl/maps/d3KDXsSAokv2TjhL8"	""	"https://lh5.googleusercontent.com/p/AF1QipOVHedj8YYqEolpVhwH8dxBiCVuH4nCVyE624Eb=w408-h248-k-no"	"86"	"0"	"0"
"La Tavernaire"	"Taberna"	"4,4"	"257"				"13:00 a 16:00"	"Cerrado"	"Cerrado"	"De 19:30 a 0:30"	"De 19:30 a 0:30"	"De 13:00 a 16:00,De 19:30 a 0:30"	"De 13:00 a 16:00,De 19:30 a 23:30"	""	"FJ7G+9C Valencia"	"Carrer de D√©nia, 18, 46006 Val√®ncia, Valencia"	"Valencia"	"Valencia"	""	""	""	"No"	"39.4634421"	"-0.3739614"	"https://goo.gl/maps/Zw15KYZAXgiF36k56"	""	"https://lh5.googleusercontent.com/p/AF1QipPTWhdiJ1vxcPSorx6KuYQ97-_Ko3IUA-ljgItD=w426-h240-k-no"	"87"	"0"	"0"
"Restaurante-Cervecer√≠a La Brasqueta"	"Restaurante"	"4,0"	"291"				"12:00 a 17:00"	"Cerrado"	"Cerrado"	"De 19:30 a 24:00"	"De 19:30 a 24:00"	"De 12:00 a 17:00,De 19:30 a 0:30"	"De 12:00 a 17:00,De 19:30 a 0:30"	""	"FJ5F+JX Valencia"	"C. de Cuba, 64, 46006 Val√®ncia, Valencia"	"Valencia"	"Valencia"	"restaurantelabrasqueta.es"	"961 47 85 61"	""	"No"	"39.4590209"	"-0.3751024"	"https://goo.gl/maps/tPnPxbruih34fAav7"	""	"https://lh5.googleusercontent.com/p/AF1QipPocz6pREfdh8g4WGFmOSAS2rmNwWzJzpyQCbFM=w426-h240-k-no"	"88"	"0"	"0"
"Mangiamo!"	"Restaurante italiano"	"4,3"	"596"				"De 19:00 a 23:00"	"De 13:30 a 15:30,De 19:00 a 23:00"	"De 13:30 a 15:30,De 19:00 a 23:00"	"De 13:30 a 15:30,De 19:00 a 23:00"	"De 13:30 a 15:30,De 19:00 a 23:00"	"De 13:30 a 15:30,De 19:00 a 23:00"	"De 13:30 a 15:30,De 19:00 a 23:00"	""	"FJ7G+67 Valencia"	"Carrer de Cadis, 21, 46006 Val√®ncia, Valencia"	"Valencia"	"Valencia"	"mangiamo.es"	"963 41 32 63"	""	"No"	"39.463098"	"-0.3743514"	"https://goo.gl/maps/EQRh9uyK6o4CCmGg8"	""	"https://lh5.googleusercontent.com/p/AF1QipPRqGOoRpH2qKjpZJ37ZBlXnoVZgq1slo4D5rXu=w408-h270-k-no"	"89"	"0"	"0"
"Foster&apos;s Hollywood"	"Hamburgueser√≠a"	"3,6"	"797"				"13:00 a 23:30"	"De 13:00 a 23:30"	"De 13:00 a 23:30"	"De 13:00 a 23:30"	"De 13:00 a 23:30"	"De 13:00 a 23:30"	"De 13:00 a 23:30"	""	"FJ8G+C5 Valencia"	"Calle General San Mart√≠n, 13. Con, Glorieta Aza, salida a, 46004 Valencia"	"Valencia"	"Valencia"	"fostershollywood.es"	"963 03 44 48"	""	"No"	"39.466108"	"-0.374598"	"https://g.page/Fosters_Hollywood_Ruzafa?share"	""	"https://lh5.googleusercontent.com/p/AF1QipOSZzp-Fon1N99Y-8AjlPbLDJtVs4dbSGMUCC7v=w408-h408-k-no"	"90"	"0"	"0"
"Restaurante los Navarros Bar"	"Bar restaurante"	"4,3"	"397"				"Cerrado"	"De 7:30 a 21:00"	"De 7:30 a 21:00"	"De 7:30 a 21:00"	"De 7:30 a 21:00"	"De 7:30 a 24:00"	"De 7:45 a 14:00"	""	"FJ7G+73 Valencia"	"Carrer de D√©nia, 28, 46006 Val√®ncia, Valencia"	"Valencia"	"Valencia"	""	"963 41 64 18"	""	"No"	"39.4631979"	"-0.3749035"	"https://g.page/barlosnavarros?share"	""	"https://lh5.googleusercontent.com/p/AF1QipO0uRxxNoU3G61x6Jjh05-XGo-y5vqDwYpEYtDA=w408-h306-k-no"	"91"	"0"	"0"
"FASTATA RUZAFA"	"Restaurante de comida continental"	"3,7"	"7"				"12:00 a 23:00"	"De 12:00 a 23:00"	"De 12:00 a 23:00"	"De 12:00 a 23:00"	"De 12:00 a 23:00"	"De 12:00 a 23:00"	"De 12:00 a 23:00"	""	"FJ6H+45 Valencia"	"Carrer dels Vivons, 30, 46006 Val√®ncia, Valencia"	"Valencia"	"Valencia"	"fastata.com"	"963 04 17 59"	""	"No"	"39.460288"	"-0.3720544"	"https://goo.gl/maps/t7PAYqhMYC6nGTxD6"	""	"https://lh5.googleusercontent.com/p/AF1QipOy0FTdt4UjkjixWPZjWZxC86W-fq7CA4aXMoRg=w408-h244-k-no"	"92"	"0"	"0"
"Bar Gardens"	"Bar de tapas"	"4,4"	"264"				"Cerrado"	"De 8:00 a 24:00"	"De 8:00 a 24:00"	"De 8:00 a 24:00"	"De 8:00 a 24:00"	"De 8:00 a 1:00"	"De 8:00 a 24:00"	""	"FJ6G+7P Valencia"	"Carrer del Literat Azor√≠n, 1, 46006 Val√®ncia, Valencia"	"Valencia"	"Valencia"	""	"963 73 99 73"	""	"No"	"39.46075"	"-0.3731823"	"https://goo.gl/maps/y6TURgFJjMj7s49v6"	""	"https://lh5.googleusercontent.com/p/AF1QipOrhBE6JbuV45Hijl2p7ZrN5gDqpvkPdj1kE-u5=w408-h306-k-no"	"93"	"0"	"0"
"BAAT"	"Restaurante"	"4,1"	"214"				"Cerrado"	"Cerrado"	"Cerrado"	"De 14:00 a 15:30,De 20:30 a 23:00"	"De 14:00 a 15:30,De 20:30 a 23:00"	"De 14:00 a 15:30,De 20:30 a 23:30"	"De 13:30 a 15:30,De 20:30 a 23:30"	""	"FJ7H+HG Valencia"	"Carrer del Pintor Salvador Abril, 8, 46005 Val√®ncia, Valencia"	"Valencia"	"Valencia"	""	"960 01 12 97"	""	"No"	"39.4639565"	"-0.3711911"	"https://g.page/BAATvalencia?share"	""	"https://lh5.googleusercontent.com/p/AF1QipNkEuaim51-cV1FSpT9Tt6wwzY2I_75pVunhjcw=w408-h306-k-no"	"94"	"0"	"0"
"LA TERRAZA DE RUZAFA"	"Bar"	"4,1"	"43"				"Cerrado"	"De 8:00 a 15:00"	"De 8:00 a 15:00"	"De 8:00 a 15:00"	"De 8:00 a 15:00"	"De 8:00 a 15:00,De 22:30 a 2:00"	"De 18:00 a 2:00"	""	"FJ7G+P6 Valencia"	"Gran Via de les Germanies, 11, 46004 Valencia"	"Valencia"	"Valencia"	"la-terraza-de-ruzafa.eatbu.com"	"653 67 04 94"	""	"No"	"39.4643152"	"-0.3744234"	"https://goo.gl/maps/8bdfscXceG2n99tq9"	""	"https://lh5.googleusercontent.com/p/AF1QipOyPoixXE9h5srrUV7TQcfQcMUgpH5_NRaEBqst=w426-h240-k-no"	"95"	"0"	"0"
"restaurante japones KOBE"	"Restaurante japon√©s"	"4,4"	"999"				"De 20:00 a 23:55"	"De 12:30 a 16:00,De 20:00 a 23:55"	"De 12:30 a 16:00,De 20:00 a 23:55"	"De 12:30 a 16:00,De 20:00 a 23:55"	"De 12:30 a 16:00,De 20:00 a 23:55"	"De 12:30 a 16:00,De 20:00 a 23:55"	"De 12:30 a 16:00,De 20:00 a 23:55"	""	"FJ7H+Q3 Valencia"	"Av. del Regne de Val√®ncia, 14, 46005 Val√®ncia, Valencia"	"Valencia"	"Valencia"	""	"961 19 16 81"	""	"No"	"39.4644496"	"-0.3722544"	"https://goo.gl/maps/ckJhYqpoxCowvWjN7"	""	"https://lh5.googleusercontent.com/p/AF1QipN4gJr41JnZ5CTWG8U_mAfoy_eVu20j3j4CLAcE=w408-h306-k-no"	"96"	"0"	"0"
"La Maja"	"Restaurante"	"4,3"	"15"				""	" "	" "	" "	" "	" "	""	""	"FJ6J+R5 Valencia"	"31,, Carrer del Pintor Salvador Abril, 29, 46005 Val√®ncia, Valencia"	"Valencia"	"Valencia"	""	""	""	"No"	"39.4620488"	"-0.3695461"	"https://goo.gl/maps/f3g2eB9Cx2787Zhp7"	""	"https://lh5.googleusercontent.com/p/AF1QipNY-Q5NRUqVx1UG5UEfv5BSUTHkPtcOY3ZLsN1j=w408-h544-k-no"	"97"	"0"	"0"
"Thai Mongkut Curry House | Ruzafa"	"Restaurante tailand√©s"	"4,4"	"402"				"De 19:30 a 22:30"	"Cerrado"	"Cerrado"	"De 13:30 a 15:30,De 19:30 a 22:30"	"De 13:30 a 15:30,De 19:30 a 22:30"	"De 13:30 a 15:30,De 19:30 a 22:30"	"De 13:30 a 15:30,De 19:30 a 22:30"	""	"FJ7G+5J Valencia"	"Carrer de Sevilla, 27, 46006 Val√®ncia, Valencia"	"Valencia"	"Valencia"	"thaimongkut.es"	"961 18 91 35"	""	"No"	"39.4628763"	"-0.3734619"	"https://g.page/thai-mongkut-curry-house?share"	""	"https://lh5.googleusercontent.com/p/AF1QipPtgOLUJn4WMJFrr4P8tBLEMnOGOfNkffw67Rw9=w408-h272-k-no"	"98"	"0"	"0"
"Bar Dart√≠n"	"Restaurante especializado en tapas"	"4,1"	"319"				"Cerrado"	"De 8:00 a 16:00,De 19:00 a 23:55"	"De 8:00 a 16:00,De 19:00 a 23:55"	"De 8:00 a 16:00,De 19:00 a 23:55"	"De 8:00 a 16:00,De 19:00 a 23:55"	"De 8:00 a 16:00,De 19:00 a 23:55"	"De 12:00 a 16:00,De 19:00 a 23:55"	""	"FJ6F+97 Valencia"	"Carrer de Puerto Rico, 38, 46006 Val√®ncia, Valencia"	"Valencia"	"Valencia"	""	"661 52 58 69"	""	"No"	"39.4609792"	"-0.3767798"	"https://goo.gl/maps/t4LuKFvEG7X9GArN7"	""	"https://lh5.googleusercontent.com/p/AF1QipOOt5uKQAYDQY-4LlAfoFY_TDqkltu5H_-bxNQh=w408-h306-k-no"	"99"	"0"	"0"
"Caf√© ArtySana - Ruzafa"	"Cafeter√≠a"	"4,6"	"942"				"9:30 a 16:00"	"De 8:30 a 18:30"	"De 8:30 a 18:30"	"De 8:30 a 18:30"	"De 8:30 a 18:30"	"De 8:30 a 22:00"	"De 9:30 a 22:00"	""	"FJ6F+XF Valencia"	"Carrer de D√©nia, 49, 46004 Val√®ncia, Valencia"	"Valencia"	"Valencia"	"cafeartysana.com"	"697 28 09 99"	""	"No"	"39.4624121"	"-0.3762596"	"https://goo.gl/maps/e1YFbXSZM83koVNb7"	""	"https://lh5.googleusercontent.com/p/AF1QipOscnebulut0jqu5Wkii-fBUOqlZbBJUX7VgV_G=w408-h306-k-no"	"100"	"0"	"0"
"El Huerto"	"Restaurante mediterr√°neo"	"3,2"	"104"				"12:00 a 16:30"	"De 13:00 a 16:30,De 20:30 a 0:30"	"De 13:00 a 16:30,De 20:30 a 0:30"	"De 13:00 a 16:30,De 20:30 a 0:30"	"De 13:00 a 16:30,De 20:30 a 0:30"	"De 13:00 a 16:30,De 20:30 a 0:30"	"De 12:00 a 16:30,De 19:00 a 0:30"	""	"FJ7J+26 Valencia"	"Carrer de Pere III el Gran, 11, 46005 Val√®ncia, Valencia"	"Valencia"	"Valencia"	""	""	""	"No"	"39.4625364"	"-0.3694864"	"https://goo.gl/maps/Et6j7CTkdE42kzVv8"	""	"https://lh5.googleusercontent.com/p/AF1QipMstlrpsfCclwxbBc_Eq-Jn9m_YNlXe03T-Td99=w426-h240-k-no"	"101"	"0"	"0"
"Restaurante Di Fredo"	"Restaurante"	"4,4"	"558"				"12:30 a 23:15"	"Cerrado"	"De 11:00 a 16:00,De 20:30 a 23:15"	"De 11:00 a 16:00,De 20:30 a 23:15"	"De 11:00 a 16:00,De 20:30 a 23:15"	"De 11:00 a 16:00,De 20:30 a 23:15"	"De 11:00 a 16:00,De 20:30 a 23:15"	""	"FJ7H+J7 Valencia"	"Carrer de Sant Valero, 5, 46005 Val√®ncia, Valencia"	"Valencia"	"Valencia"	"restaurante-di-fredo.eatbu.com"	"963 74 27 54"	""	"No"	"39.4641082"	"-0.3718342"	"https://goo.gl/maps/SYKBiXQ1bYvaQSWP8"	""	"https://lh5.googleusercontent.com/p/AF1QipOo7cqjrGpgw9F5H8oS0YJu5cJ4aVMdUcs263OK=w408-h306-k-no"	"102"	"0"	"0"
"Restaurante Japon√©s - KOYAMA"	"Restaurante japon√©s"	"4,2"	"465"				"De 20:00 a 23:30"	"De 13:00 a 16:00,De 20:00 a 23:30"	"De 13:00 a 16:30,De 20:00 a 23:30"	"De 13:00 a 16:00,De 20:00 a 23:30"	"De 13:00 a 16:00,De 20:00 a 23:30"	"De 13:00 a 16:00,De 19:30 a 24:00"	"De 13:00 a 16:00,De 19:30 a 24:00"	""	"FJ7G+QJ Valencia"	"Carrer de Russafa, 38, 46004 Val√®ncia, Valencia"	"Valencia"	"Valencia"	""	"961 00 14 46"	""	"No"	"39.46439"	"-0.3733915"	"https://goo.gl/maps/T7ABewVBEiY1zRd69"	""	"https://lh5.googleusercontent.com/p/AF1QipM-gqs8jYjP13PlXS5kabRN1hOT7DzHVZPQFXBy=w408-h544-k-no"	"103"	"0"	"0"
"La Braseria"	"Restaurante de comida para llevar"	"4,9"	"126"				"Cerrado"	"De 12:00 a 16:00"	"De 12:00 a 16:00"	"De 12:00 a 16:00"	"De 12:00 a 16:00"	"De 12:00 a 16:00"	"Cerrado"	""	"FJ6J+XC Valencia"	"Carrer de Pere III el Gran, 22, 46005 Val√®ncia, Valencia"	"Valencia"	"Valencia"	""	"671 17 57 06"	""	"No"	"39.4624816"	"-0.3689985"	"https://goo.gl/maps/etoDWaXpk4uVL4jD8"	""	"https://lh5.googleusercontent.com/p/AF1QipMi--dPAgT0aBtwkFBaXacDSZyr7ZTFZpDVUJAh=w408-h544-k-no"	"104"	"0"	"0"
"Restaurante Augusto Di Carmen"	"Restaurante italiano"	"4,3"	"479"				"13:30 a 16:00"	"De 13:30 a 16:00"	"Cerrado"	"De 13:30 a 16:00,De 20:30 a 23:00"	"De 13:30 a 16:00,De 20:30 a 23:00"	"De 13:30 a 16:00,De 20:30 a 23:00"	"De 13:30 a 16:00,De 20:30 a 23:00"	""	"FJ6J+R3 Valencia"	"Carrer de Pere III el Gran, 10, 46005 Val√®ncia, Valencia"	"Valencia"	"Valencia"	""	"963 73 41 07"	""	"No"	"39.462088"	"-0.369809"	"https://g.page/AugustoDiCarmen?share"	""	"https://lh5.googleusercontent.com/p/AF1QipPFW23lpeOSA2rr9SSOZBd20IIoqbf-pZWZEcF2=w408-h306-k-no"	"105"	"0"	"0"
"Taqueria La Llorona"	"Restaurante mexicano"	"4,1"	"1.301"				"Cerrado"	"Cerrado"	"De 13:30 a 15:30,De 20:30 a 23:00"	"De 13:30 a 15:30,De 20:30 a 23:00"	"De 13:30 a 15:30,De 20:30 a 23:00"	"De 13:30 a 15:30,De 20:30 a 23:00"	"De 13:30 a 15:30,De 20:30 a 23:00"	""	"FJ6J+M7 Valencia"	"Carrer del Pintor Salvador Abril, 35, 46005 Val√®ncia, Valencia"	"Valencia"	"Valencia"	"taquerialallorona.com"	"963 28 73 97"	""	"No"	"39.4617111"	"-0.3692633"	"https://g.page/taquerialallorona?share"	""	"https://lh5.googleusercontent.com/p/AF1QipPyB4eulvDay7fXGvsCFLVLMiZ5fyI8bH8EkH8A=w408-h541-k-no"	"106"	"0"	"0"
"Restaurante Taberna Gallega"	"Restaurante"	"4,2"	"368"				"13:00 a 16:00"	"De 13:00 a 16:00"	"De 13:00 a 16:00"	"De 13:00 a 16:00"	"De 13:00 a 16:00"	"De 13:00 a 16:00,De 20:30 a 24:00"	"De 13:00 a 16:00,De 20:30 a 24:00"	""	"FJ7G+Q8 Valencia"	"Gran Via de les Germanies, 9, 46006 Valencia"	"Valencia"	"Valencia"	""	"963 33 10 87"	""	"No"	"39.4643353"	"-0.3742141"	"https://goo.gl/maps/WQMg7MqnbDtnUuEKA"	""	"https://lh5.googleusercontent.com/p/AF1QipMvfojeE_n-e0p_GSIjfQ6GSu37MAqvrwiUODLl=w408-h306-k-no"	"107"	"0"	"0"
"Cafecito"	"Restaurante mexicano"	"4,2"	"429"				"13:00 a 16:00"	"De 20:00 a 23:00"	"Cerrado"	"Cerrado"	"De 20:00 a 23:00"	"De 12:00 a 15:30,De 20:00 a 23:00"	"De 12:00 a 15:30,De 20:00 a 23:00"	""	"FJ7H+37 Valencia"	"Carrer del Pare Perera, 1, bajo, 46006 Val√®ncia, Valencia"	"Valencia"	"Valencia"	"cafecitovalencia.com"	"618 92 17 53"	""	"No"	"39.4627362"	"-0.3717787"	"https://g.page/cafecitoruzafa?share"	""	"https://lh5.googleusercontent.com/p/AF1QipPEstXXoQLRtf86iYzhR49Ztae7qC7GXn1kSEPl=w408-h240-k-no-pi0-ya140-ro0-fo100"	"108"	"0"	"0"
"Restaurante Appetite"	"Restaurante"	"4,4"	"10"				""	" "	" "	" "	" "	" "	""	""	"FJ7H+JG Valencia"	"Carrer del Pintor Salvador Abril, 7, 46005 Val√®ncia, Valencia"	"Valencia"	"Valencia"	""	""	""	"No"	"39.4640716"	"-0.3712013"	"https://goo.gl/maps/Duq2hv9q13VtZB8t9"	""	"https://streetviewpixels-pa.googleapis.com/v1/thumbnail?panoid=67kBWmbSQGEfMnUqXcXRgg&cb_client=search.gws-prod.gps&w=408&h=240&yaw=256.19873&pitch=0&thumbfov=100"	"109"	"0"	"0"
"La Colofonia"	"Restaurante"	"3,3"	"3"				""	" "	" "	" "	" "	" "	""	""	"FJ6G+6X Valencia"	"Carrer de Cadis, 59, 46006 Val√®ncia, Valencia"	"Valencia"	"Valencia"	""	""	""	"No"	"39.4605967"	"-0.3725991"	"https://goo.gl/maps/xstjVtqch3kKNQ7w7"	""	"https://lh5.googleusercontent.com/p/AF1QipMlW5Fb0jSSg5VBK3e081781aBhMdpR7E5Ccxfp=w408-h306-k-no"	"110"	"0"	"0"
"Mr Foggs Valencia"	"Restaurante"	"4,8"	"42"				""	" "	" "	" "	" "	" "	""	""	"FJ5G+WF Valencia"	"Carrer de Sueca, 61, 46006 Val√®ncia, Valencia"	"Valencia"	"Valencia"	""	"633 17 39 80"	""	"No"	"39.4598139"	"-0.3738346"	"https://goo.gl/maps/hBnwuna9w8kv7NSc8"	""	"https://lh5.googleusercontent.com/p/AF1QipM6e3DhzLQjAf0FefSw140q3E-WdRSziedRKIFt=w408-h544-k-no"	"111"	"0"	"0"
"Enchilame"	"Taquer√≠a"	"4,5"	"368"				"Cerrado"	"Cerrado"	"Cerrado"	"De 13:30 a 15:30,De 19:30 a 23:00"	"De 13:30 a 15:30,De 19:30 a 23:00"	"De 13:30 a 15:30,De 19:30 a 23:00"	"De 13:30 a 15:30,De 19:30 a 23:00"	""	"FJ6G+8V Valencia"	"Carrer de Cadis, 55, 46006 Val√®ncia, Valencia"	"Valencia"	"Valencia"	"enchilame.makro.bar"	"960 43 88 84"	""	"No"	"39.4607921"	"-0.3727584"	"https://goo.gl/maps/2rSsmPqWEieBhWRR9"	""	"https://lh5.googleusercontent.com/p/AF1QipP0AhuuN5epuzOpYIl4uDyTix8LY9tuTPb6emRD=w408-h408-k-no"	"112"	"0"	"0"
"Hotaru"	"Restaurante japon√©s"	"4,6"	"185"				"Cerrado"	"Cerrado"	"De 20:30 a 23:30"	"De 20:30 a 23:30"	"De 13:30 a 16:00,De 20:30 a 23:30"	"De 13:30 a 16:00,De 20:30 a 23:30"	"De 13:30 a 16:00,De 20:30 a 23:30"	""	"FJ6G+JH Valencia"	"Carrer de Cadis, 48, 46006 Val√®ncia, Valencia"	"Valencia"	"Valencia"	"hotaru-restaurante.com"	"722 63 25 59"	""	"No"	"39.4616116"	"-0.3736131"	"https://g.page/HotaruValencia?share"	""	"https://lh5.googleusercontent.com/p/AF1QipOX86NggmpeImKZ4W92FF7fdG7UTVPT65G4rK_S=w408-h306-k-no"	"113"	"0"	"0"
"Docemil En Rusia"	"Bar"	"3,8"	"220"				""	" "	" "	" "	" "	" "	""	""	"FJ6G+VM Valencia"	"Carrer de Moss√®n Femenia, 18, 46006 Val√®ncia"	"Valencia"	"Val√®ncia"	""	"963 25 07 38"	""	"No"	"39.4622288"	"-0.3733594"	"https://goo.gl/maps/u22onTXq4AYLvrSz8"	""	"https://lh5.googleusercontent.com/p/AF1QipO51hftcgSwWxeWYRRjp5RJMu0xhKQf1DuilWZC=w408-h306-k-no"	"114"	"0"	"0"
"Fez Restaurante"	"Restaurante"	"5,0"	"2"				""	" "	" "	" "	" "	" "	""	""	"FJ6F+PJ Valencia"	"Carrer de Buenos Aires, 5, 46004 Val√®ncia, Valencia"	"Valencia"	"Valencia"	""	""	""	"No"	"39.4618406"	"-0.3759387"	"https://goo.gl/maps/TYTSB1rrWLPjNHhr6"	""	"https://lh5.googleusercontent.com/p/AF1QipO40FeSCFkdDDf7-Y2XFBxJOI5niokWB83kfFqn=w408-h544-k-no"	"115"	"0"	"0"
"La Nonna"	"Restaurante italiano"	"4,1"	"338"				"13:30 a 16:30"	"Cerrado"	"Cerrado"	"De 20:30 a 0:30"	"De 20:30 a 0:30"	"De 20:30 a 1:30"	"De 13:30 a 16:30,De 20:30 a 1:30"	""	"FJ6G+P2 Valencia"	"Carrer de Puerto Rico, 16, 46006 Val√®ncia, Valencia"	"Valencia"	"Valencia"	"lanonnarestobar.com"	"963 22 43 82"	""	"No"	"39.4617641"	"-0.374922"	"https://g.page/lanonnaruzafa?share"	""	"https://lh5.googleusercontent.com/p/AF1QipO-3gzKN53hj_psHtAlf24OUJ36BJMGqMXiG9Y_=w408-h272-k-no"	"116"	"0"	"0"
"Shawarma Sirio Ruzafa"	"Restaurante"	"4,7"	"78"				""	" "	" "	" "	" "	" "	""	""	"FJ7F+9F Valencia"	"Gran Via de les Germanies, 57, 46004 Valencia"	"Valencia"	"Valencia"	""	""	""	"No"	"39.4634608"	"-0.376327"	"https://goo.gl/maps/okBbLZZMG6EDLGkc8"	""	"https://lh5.googleusercontent.com/p/AF1QipMG2ehcEm88PPMi88RMwu8nwbdZOJptxnaV1SYD=w408-h544-k-no"	"117"	"0"	"0"
"La Consentida"	"Taberna"	"4,1"	"386"				"Cerrado"	"Cerrado"	"Cerrado"	"Cerrado"	"De 19:00 a 0:30"	"De 19:00 a 0:30"	"De 19:00 a 0:30"	""	"FJ7G+39 Valencia"	"Carrer del Dr. Serrano, 22, 46004 Val√®ncia, Valencia"	"Valencia"	"Valencia"	""	"667 93 21 29"	""	"No"	"39.4627461"	"-0.3740569"	"https://goo.gl/maps/4WE72CfiE6hM2YPh7"	""	"https://lh5.googleusercontent.com/p/AF1QipNwBYJD9g-zsiciN9nKaQXfe4kg4s0ivThzXf8Y=w408-h306-k-no"	"118"	"0"	"0"
"Russafa 45"	"Restaurante"	"4,6"	"7"				""	" "	" "	" "	" "	" "	""	""	"FJ7G+HV Valencia"	"Carrer de Russafa, 45, 46006 Val√®ncia, Valencia"	"Valencia"	"Valencia"	""	"963 22 92 74"	""	"No"	"39.4639683"	"-0.3727883"	"https://goo.gl/maps/Tc5g1vzsGin2rUTp6"	""	"https://streetviewpixels-pa.googleapis.com/v1/thumbnail?panoid=_L1xc0Bn5N2kl-K5oxOSjw&cb_client=search.gws-prod.gps&w=408&h=240&yaw=89.956825&pitch=0&thumbfov=100"	"119"	"0"	"0"
"Red Red Wine"	"Bar restaurante"	"4,3"	"187"				"10:00 a 23:30"	"De 9:30 a 24:00"	"Cerrado"	"De 9:30 a 24:00"	"De 9:30 a 24:00"	"De 9:30 a 24:00"	"De 10:00 a 1:30"	""	"FJ5H+P2 Valencia"	"Carrer dels Centelles, 27, 46004 Val√®ncia, Valencia"	"Valencia"	"Valencia"	"redredwinevlc.wixsite.com"	"602 33 57 46"	""	"No"	"39.4593335"	"-0.3724533"	"https://g.page/Redredwine?share"	""	"https://lh5.googleusercontent.com/p/AF1QipMtb6vMqHsM8FylcFKUi4FlnLFUrQW1JwAMXeoK=w427-h240-k-no"	"120"	"0"	"0"
"Matacruda"	"Taquer√≠a"	"4,7"	"29"				"13:00 a 17:00"	"Cerrado"	"Cerrado"	"De 18:00 a 22:30"	"De 18:00 a 22:30"	"De 18:00 a 22:30"	"De 14:00 a 22:30"	""	"FJ6G+6V Valencia"	"Carrer de Cadis, 68, 46004 Val√®ncia, Valencia"	"Valencia"	"Valencia"	""	"961 07 31 07"	""	"No"	"39.4605863"	"-0.3728313"	"https://goo.gl/maps/U8ox6wvLgWrnLepQ9"	""	"https://lh5.googleusercontent.com/p/AF1QipOhrmeSkib9_4HmiT5YsxHmfP_vT9stfmyt33kz=w408-h306-k-no"	"121"	"0"	"0"
"Restaurante Borja Azcutia"	"Restaurante"	"4,2"	"550"				"De 20:30 a 1:30"	"De 13:00 a 18:00,De 20:30 a 1:30"	"De 13:00 a 18:00,De 20:30 a 1:30"	"De 13:00 a 18:00,De 20:30 a 1:30"	"De 13:00 a 18:00,De 20:30 a 1:30"	"De 13:00 a 18:00,De 20:30 a 1:30"	"De 13:00 a 18:00,De 20:30 a 1:30"	""	"FJ8J+5J Valencia"	"Carrer de l&apos;Almirall Cadarso, 16, 46005 Val√®ncia, Valencia"	"Valencia"	"Valencia"	"restauranteborjaazcutia.com"	"963 16 12 70"	""	"No"	"39.4654601"	"-0.3684175"	"https://goo.gl/maps/3N9pKCKK4n7oDTvb7"	""	"https://lh5.googleusercontent.com/p/AF1QipMNduXXjJYyMWxn-u_jl0M7PEE3eDxBnBeri6gP=w408-h501-k-no"	"122"	"0"	"0"
"Oryza"	"Restaurante"	""	""				"9:00 a 19:00"	"De 9:00 a 19:00"	"De 9:00 a 19:00"	"De 9:00 a 19:00"	"De 9:00 a 19:00"	"De 7:30 a 19:00"	"De 7:30 a 19:00"	""	"FJ7F+79 Valencia"	"Carrer de Sueca, 4, 46004 Val√®ncia, Valencia"	"Valencia"	"Valencia"	""	""	""	"No"	"39.4632676"	"-0.3764971"	"https://goo.gl/maps/ZeRWpV2ubt4Up3P56"	""	"https://streetviewpixels-pa.googleapis.com/v1/thumbnail?panoid=0b6OpKZ04Ik1gtCgFc-lcg&cb_client=search.gws-prod.gps&w=408&h=240&yaw=239.51604&pitch=0&thumbfov=100"	"123"	"0"	"0"
"EL DESV√ÅN"	"Bar"	"4,2"	"203"				"12:00 a 18:00"	"De 10:00 a 0:30"	"De 10:00 a 0:30"	"De 10:00 a 0:30"	"De 10:00 a 0:30"	"De 10:00 a 0:30"	"De 11:00 a 0:30"	""	"FJ6G+R8 Valencia"	"Carrer de Puerto Rico, 4, 46006 Val√®ncia, Valencia"	"Valencia"	"Valencia"	""	""	""	"No"	"39.462073"	"-0.3741934"	"https://goo.gl/maps/KW1whMuqsC3joitm6"	""	"https://lh5.googleusercontent.com/p/AF1QipNkdcmIC7zTA5PVpOmZmLNO6KqLvwx8aXtxwypm=w408-h271-k-no"	"124"	"0"	"0"
"Sueca 51 RESTAURANTE"	"Restaurante"	"4,1"	"210"				"10:30 a 17:30"	"De 8:30 a 24:00"	"De 8:30 a 24:00"	"De 8:30 a 24:00"	"De 8:30 a 24:00"	"De 8:30 a 0:30"	"De 8:30 a 0:30"	""	"FJ6G+68 Valencia"	"Carrer de Sueca, 51, 46006 Val√®ncia, Valencia"	"Valencia"	"Valencia"	""	"646 19 91 72"	""	"No"	"39.4605385"	"-0.3742906"	"https://goo.gl/maps/Ntog4mJD9gXarDGE8"	""	"https://lh5.googleusercontent.com/p/AF1QipNbB0_12vFwPJjnMWQMiA239lHIaCxyLKjXOLsj=w426-h240-k-no"	"125"	"0"	"0"
"Beirut Cocina Libanesa"	"Restaurante liban√©s"	"4,2"	"67"				""	" "	" "	" "	" "	" "	""	""	"FJ6G+WR Valencia"	"Carrer de Carles Cervera, 22, 46004 Val√®ncia, Valencia"	"Valencia"	"Valencia"	"beirutrestaurantes.com"	"960 47 94 38"	""	"No"	"39.4622766"	"-0.3729051"	"https://goo.gl/maps/VSzcerJp9zWLsAdD9"	""	"https://lh5.googleusercontent.com/p/AF1QipOmf531_8XUwZ-DjYfHd_A18bebSyEPVam2OCR6=w408-h306-k-no"	"126"	"0"	"0"
"Sayuki"	"Restaurante japon√©s"	"4,8"	"46"				"De 20:00 a 23:00"	"Cerrado"	"Cerrado"	"Cerrado"	"De 20:00 a 23:00"	"De 20:00 a 23:30"	"De 13:00 a 15:00,De 20:00 a 23:30"	""	"FJ7F+2P Valencia"	"Carrer de Sueca, 17, 46004 Val√®ncia, Valencia"	"Valencia"	"Valencia"	"delivery.sayuki.es"	"658 60 83 11"	""	"No"	"39.4625546"	"-0.3757028"	"https://goo.gl/maps/CGVDVFBXvgyHuS1C7"	""	"https://lh5.googleusercontent.com/p/AF1QipNLbXwuYkTNbkK4sHB0urOpPQfFyRlsm-0bPVUD=w408-h360-k-no"	"127"	"0"	"0"
"Restaurante"	"Restaurante"	""	""				""	" "	" "	" "	" "	" "	""	""	"FJ6M+VQ Valencia"	"Carrer de Matias Perell√≥, 50, 46005 Val√®ncia, Valencia"	"Valencia"	"Valencia"	""	""	""	"No"	"39.4622335"	"-0.3656387"	"https://goo.gl/maps/M8GHfDvQCBa6uxwr7"	""	"https://streetviewpixels-pa.googleapis.com/v1/thumbnail?panoid=9970lpQ5xV35qVmT0kJihA&cb_client=search.gws-prod.gps&w=408&h=240&yaw=158.13055&pitch=0&thumbfov=100"	"128"	"0"	"0"
"Restaurante Amb Trellat Valencia"	"Cafeter√≠a"	"4,5"	"8"				"18:00 a 24:00"	"De 18:00 a 2:00"	"De 18:00 a 2:00"	"De 18:00 a 2:00"	"De 18:00 a 2:00"	"De 18:00 a 2:00"	"De 18:00 a 2:00"	""	"FJ5F+RW Valencia"	"C. de Cuba, 59, 46006 Val√®ncia, Valencia"	"Valencia"	"Valencia"	""	"615 71 94 03"	""	"No"	"39.4595071"	"-0.3751836"	"https://goo.gl/maps/i52rMVWAdoZf7Jmn7"	""	"https://lh5.googleusercontent.com/p/AF1QipOa7NsWjNATopbc4_aOJ3yW7EwwflWw-0ddbWjo=w426-h240-k-no"	"129"	"0"	"0"
"RAMENKUMA"	"Restaurante japon√©s"	"4,4"	"804"				"Cerrado"	"Cerrado"	"De 20:30 a 23:30"	"De 20:30 a 23:30"	"De 20:30 a 23:30"	"De 20:30 a 23:30"	"De 20:30 a 23:30"	""	"FJ7H+JG Valencia"	"Carrer del Pintor Salvador Abril, 6, 46005 Val√®ncia, Valencia"	"Valencia"	"Valencia"	""	"960 09 99 70"	""	"No"	"39.4640662"	"-0.3711973"	"https://goo.gl/maps/iMzrcp9qoNz6PvJZ9"	""	"https://lh5.googleusercontent.com/p/AF1QipMU6k10jzU_jWGPo2GXhuHAHGwRDsn50WMqOrGN=w408-h306-k-no"	"130"	"0"	"0"
"Damura Ramen Bar"	"Restaurante especializado en ramen"	"4,6"	"326"				"De 20:30 a 22:30"	"Cerrado"	"De 20:30 a 23:00"	"De 20:30 a 23:00"	"De 13:30 a 15:30,De 20:30 a 23:00"	"De 13:30 a 15:30,De 20:30 a 23:00"	"De 13:30 a 15:30,De 20:30 a 23:00"	""	"FJ7G+2H Valencia"	"Carrer del Dr. Serrano, 17, 46006 Val√®ncia, Valencia"	"Valencia"	"Valencia"	"damuraramenbar.com"	"688 07 56 26"	""	"No"	"39.4625607"	"-0.3736227"	"https://g.page/damura-ramen-bar?share"	""	"https://lh5.googleusercontent.com/p/AF1QipP6royhA44yoZQuznPxw3zCPq5X-xfczIBQXcjL=w426-h240-k-no"	"131"	"0"	"0"
"Ingredients"	"Restaurante org√°nico"	"4,0"	"1"				"Cerrado"	"De 9:00 a 14:00,De 17:00 a 21:00"	"De 9:00 a 21:00"	"De 9:00 a 21:00"	"De 9:00 a 21:00"	"De 9:00 a 1:00"	"De 9:00 a 1:00"	""	"FJ6G+83 Valencia"	"Carrer de Sueca, 40, Bajo izquierda, 46006 Valencia"	"Valencia"	"Valencia"	""	""	""	"No"	"39.460848"	"-0.3748179"	"https://goo.gl/maps/Yn4ZR8AnsCoFQCH58"	""	"https://lh5.googleusercontent.com/p/AF1QipOUjLpBmWzNKAUX2STt3uHFP6wIRj8XatnbV_1c=w408-h271-k-no"	"132"	"0"	"0"
"Little Monsters"	"Restaurante"	"4,0"	"1"				"Cerrado"	"De 7:30 a 20:00"	"De 7:30 a 20:00"	"De 7:30 a 20:00"	"De 7:30 a 20:00"	"De 7:30 a 0:30"	"De 7:30 a 0:30"	""	"FJ6H+M6 Valencia"	"Carrer dels Tomasos, S/N, 46004 Val√®ncia, Valencia"	"Valencia"	"Valencia"	""	"635 78 72 68"	""	"No"	"39.461735"	"-0.371997"	"https://goo.gl/maps/jgNCGKAT3feLduxe8"	""	"https://streetviewpixels-pa.googleapis.com/v1/thumbnail?panoid=T4pebRfShj3bUD5A5EvS4g&cb_client=search.gws-prod.gps&w=408&h=240&yaw=47.096542&pitch=0&thumbfov=100"	"133"	"0"	"0"
"Hommus Express"	"Restaurante liban√©s"	"4,8"	"68"				"13:00 a 17:00"	"De 13:00 a 17:00,De 19:00 a 23:00"	"De 13:00 a 17:00,De 19:00 a 23:00"	"De 13:00 a 17:00,De 19:00 a 23:00"	"De 13:00 a 17:00,De 19:00 a 23:00"	"De 13:00 a 17:00,De 19:00 a 23:00"	"De 13:00 a 17:00,De 19:00 a 23:00"	""	"FJ6F+QG Valencia"	"Carrer de Buenos Aires, 4, 46006 Val√®ncia, Valencia"	"Valencia"	"Valencia"	"hommus.es"	"673 34 09 17"	""	"No"	"39.4619036"	"-0.3761251"	"https://goo.gl/maps/sf7nAasMwWtNceSdA"	""	"https://lh5.googleusercontent.com/p/AF1QipPQoeabnNZRKIOEscTs6WOuP0MBHef-12XJ5IVl=w408-h544-k-no"	"134"	"0"	"0"
"el Rac√≥ de Meri - Mercat de Russafa"	"Restaurante de comida para llevar"	"1,0"	"1"				"De 19:00 a 21:00"	"De 11:00 a 15:30,De 19:00 a 21:00"	"De 11:00 a 15:30,De 19:00 a 21:00"	"De 11:00 a 15:30,De 19:00 a 21:00"	"De 11:00 a 15:30,De 19:00 a 21:00"	"De 11:00 a 15:30,De 19:00 a 21:00"	"De 11:00 a 15:30,De 19:00 a 21:00"	""	"FJ6H+PH Valencia"	"mercado de ruzafa, puesto exterior 102, C/ Bar√≥n de Cort√©s, 24, 46015 Valencia"	"Valencia"	"Valencia"	""	"666 94 61 52"	""	"No"	"39.461859"	"-0.371088"	"https://goo.gl/maps/Fx2ZbqkRuxjy9U2Z6"	""	"https://streetviewpixels-pa.googleapis.com/v1/thumbnail?panoid=gdDPozaPGANgFkd_LzhiFw&cb_client=search.gws-prod.gps&w=408&h=240&yaw=233.43951&pitch=0&thumbfov=100"	"135"	"0"	"0"
"Asador Coco Pazzo Valencia"	"Parrilla"	"4,5"	"405"				"13:00 a 0:30"	"De 19:00 a 0:30"	"Cerrado"	"De 19:00 a 0:30"	"De 19:00 a 0:30"	"De 19:00 a 0:30"	"De 13:00 a 0:30"	""	"FJ9P+25 Valencia"	"Carrer del Comte d&apos;Altea, 51, 46005 Val√®ncia, Valencia"	"Valencia"	"Valencia"	"cocopazzovalencia.com"	"963 32 85 69"	""	"No"	"39.4675708"	"-0.3645452"	"https://goo.gl/maps/eArYxQg7EbTLYXsn7"	""	"https://lh5.googleusercontent.com/p/AF1QipPYkNYeolPxK5nZuXnnG0do7-wv7C_MOtpV9iIf=w426-h240-k-no"	"136"	"0"	"0"
"Cervecer√≠a Baden Baden"	"Restaurante alem√°n"	"4,4"	"761"				"13:00 a 23:30"	"De 13:00 a 16:00"	"Cerrado"	"De 13:00 a 23:30"	"De 13:00 a 23:30"	"De 13:00 a 23:30"	"De 13:00 a 23:30"	""	"FJ7F+FG Valencia"	"Gran Via de les Germanies, 33, 46006 Valencia"	"Valencia"	"Valencia"	""	"963 57 37 59"	""	"No"	"39.463651"	"-0.376194"	"https://g.page/Badenvalencia?share"	""	"https://lh5.googleusercontent.com/p/AF1QipMN67IZR0AnoxJ2bgzK5RTJ3Wn3DPMT3qUImTFM=w408-h272-k-no"	"137"	"0"	"0"
"Ubik Caf√© Cafeter√≠a Librer√≠a"	"Cafeter√≠a"	"4,3"	"2.989"				"11:00 a 1:30"	"De 17:00 a 1:30"	"De 17:00 a 1:30"	"De 11:00 a 1:30"	"De 11:00 a 1:30"	"De 11:00 a 1:30"	"De 11:00 a 1:30"	""	"FJ6G+5C Valencia"	"Carrer del Literat Azor√≠n, 13, 46003 Val√®ncia, Valencia"	"Valencia"	"Valencia"	""	"963 74 12 55"	""	"No"	"39.4604453"	"-0.3738955"	"https://g.page/ubikcafe?share"	""	"https://lh5.googleusercontent.com/p/AF1QipPkJjsa7ViIWKYxFEcG3zm2-rpoduf4wvdkBIlb=w427-h240-k-no"	"138"	"0"	"0"
"Ushuaia Bar"	"Restaurante argentino"	"4,4"	"139"				"11:00 a 21:30"	"De 8:30 a 22:30"	"De 8:30 a 22:30"	"De 8:30 a 22:30"	"De 8:30 a 22:30"	"De 8:30 a 22:30"	"De 8:30 a 22:30"	""	"FJ6P+Q6 Valencia"	"Av. de Peris i Valero, 179, 46005 Val√®ncia, Valencia"	"Valencia"	"Valencia"	"ushuaiavalencia.com"	"659 26 52 06"	""	"No"	"39.4619705"	"-0.3644955"	"https://goo.gl/maps/EVkU5BbE7U96oNrTA"	""	"https://lh5.googleusercontent.com/p/AF1QipMNTeABgLv-_TjW0VTmgMZPVgT5FXdjfUQxC2Q_=w408-h306-k-no"	"139"	"0"	"0"
"Munch the apple"	"Restaurante"	""	""				""	" "	" "	" "	" "	" "	""	""	"FJ8F+C8 Valencia"	"C. de Castell√≥, 2, 15, 46004 Valencia"	"Valencia"	"Valencia"	""	""	""	"No"	"39.466058"	"-0.3766876"	"https://goo.gl/maps/kxrfq9LdchHexx688"	""	"https://lh5.googleusercontent.com/p/AF1QipPSN0rttebLp1SRi4dLg0kGvt2QR96Ea504567G=w408-h725-k-no"	"140"	"0"	"0"
"Poke Bros.Co"	"Restaurante de comida saludable"	"4,2"	"83"				"De 19:00 a 23:15"	"De 12:00 a 16:00,De 19:00 a 23:00"	"De 12:00 a 16:00,De 19:00 a 23:00"	"De 12:00 a 16:00,De 19:00 a 23:15"	"De 12:00 a 16:00,De 19:00 a 23:15"	"De 12:00 a 16:00,De 19:00 a 23:30"	"De 12:00 a 16:00,De 19:00 a 23:30"	""	"FJ7F+HV Valencia"	"Gran Via de les Germanies, 21, puesto 3, 46004 Valencia"	"Valencia"	"Valencia"	"mediterraneanbros.com"	"635 16 10 64"	""	"No"	"39.4639673"	"-0.3752981"	"https://g.page/pokebros_co?share"	""	"https://lh5.googleusercontent.com/p/AF1QipM5eA8LJowRMQ45iFV9I-og-UydeBeCOA6rjetR=w408-h408-k-no"	"141"	"0"	"0"
"Restaurante KFC"	"Restaurante especializado en pollo"	"3,9"	"1.277"				"13:00 a 23:30"	"De 13:00 a 23:00"	"De 13:00 a 23:00"	"De 13:00 a 23:00"	"De 13:00 a 23:00"	"De 13:00 a 23:00"	"De 13:00 a 23:30"	""	"FJ9F+HW Valencia"	"Calle Ruzafa, Carrer de Roger de Ll√≤ria, esquina, 46002 Valencia"	"Valencia"	"Valencia"	"kfc.es"	"963 51 15 81"	""	"No"	"39.468955"	"-0.3751702"	"https://goo.gl/maps/hhRPfVNMwMnv4d8x8"	""	"https://lh5.googleusercontent.com/p/AF1QipNcUE4-ju73m1itT-t9oqdsYAptsd_gpyakKRP4=w408-h306-k-no"	"142"	"0"	"0"
"RESTAURANTE BOCAMADA"	"Tienda de art√≠culos de hosteler√≠a"	"4,5"	"287"				"13:30 a 16:30"	"Cerrado"	"De 13:30 a 16:30,De 20:00 a 23:30"	"De 13:30 a 16:30,De 20:00 a 23:30"	"De 13:30 a 16:30,De 20:00 a 23:30"	"De 13:30 a 16:30,De 20:00 a 23:30"	"De 13:30 a 16:30,De 20:00 a 23:30"	""	"FJ7G+FQ Valencia"	"Carrer de D√©nia, 4, 46006 Val√®ncia, Valencia"	"Valencia"	"Valencia"	"bocamada.com"	"963 16 10 20"	""	"No"	"39.4635935"	"-0.3730792"	"https://g.page/bocamada?share"	""	"https://lh5.googleusercontent.com/p/AF1QipMwoI92VHKdlkPFEBR9zEVc1hPGTn9X0EMChoXg=w426-h240-k-no"	"143"	"0"	"0"
"Sucar"	"Restaurante"	"4,1"	"174"				"13:30 a 15:30"	"Cerrado"	"De 13:30 a 15:30"	"De 13:30 a 15:30"	"De 13:30 a 15:30"	"De 13:30 a 15:30,De 20:30 a 22:30"	"De 13:30 a 15:30,De 20:30 a 22:30"	""	"FJ7M+FH Valencia"	"Carrer de la Reina Na Germana, 4, 46005 Val√®ncia, Valencia"	"Valencia"	"Valencia"	"sucarvlc.es"	"961 00 14 18"	""	"No"	"39.4637258"	"-0.3661105"	"https://g.page/SucarVLC?share"	""	"https://lh5.googleusercontent.com/p/AF1QipPogL1S9VgYb_2tHbsMMua82DbchF4Dz51qYG9i=w408-h306-k-no"	"144"	"0"	"0"
"Mali Gastrobar - C√°novas"	"Restaurante"	"4,5"	"243"				"Cerrado"	"De 9:00 a 24:00"	"De 9:00 a 24:00"	"De 9:00 a 24:00"	"De 9:00 a 24:00"	"De 9:00 a 24:00"	"De 11:00 a 24:00"	""	"FJ7M+W4 Valencia"	"Carrer de Borriana, 12, 46005 Val√®ncia, Valencia"	"Valencia"	"Valencia"	"gastrobarmali.wixsite.com"	"690 80 09 03"	""	"No"	"39.4648109"	"-0.3672464"	"https://goo.gl/maps/VFX1Tt85uk2nnQjz9"	""	"https://lh5.googleusercontent.com/p/AF1QipPs0M3zsdpPOZlIsm-DnGqZNY3rbM6fgQ2hr9xm=w408-h544-k-no"	"145"	"0"	"0"
"GOYA GALLERY RESTAURANT"	"Restaurante mediterr√°neo"	"4,5"	"2.120"				"13:00 a 18:00"	"Cerrado"	"De 13:00 a 18:00"	"De 13:00 a 18:00"	"De 13:00 a 18:00,De 21:00 a 0:30"	"De 13:00 a 18:00,De 21:00 a 0:30"	"De 13:00 a 18:00,De 21:00 a 0:30"	""	"FJ7J+M9 Valencia"	"Carrer de Borriana, 3, 46005 Val√®ncia, Valencia"	"Valencia"	"Valencia"	"goyagalleryrestaurant.com"	"963 04 18 35"	""	"No"	"39.4642381"	"-0.3690284"	"https://goo.gl/maps/Rkhx8Aa3qsdE2bVV6"	""	"https://lh5.googleusercontent.com/p/AF1QipNzGj3p7PNV3CxxDX2CEpubcbwE2-gyvpOibKY=w408-h240-k-no-pi0-ya160-ro0-fo100"	"146"	"0"	"0"
"Las Adelitas - Restaurante Mexicano"	"Restaurante mexicano"	"4,0"	"876"				"De 20:00 a 24:00"	"De 13:00 a 16:00,De 20:00 a 24:00"	"De 13:00 a 16:00,De 20:00 a 24:00"	"De 13:00 a 16:00,De 20:00 a 24:00"	"De 13:00 a 16:00,De 20:00 a 24:00"	"De 13:00 a 16:00,De 20:00 a 24:00"	"De 13:00 a 16:00,De 20:00 a 24:00"	""	"FJ8M+HP Valencia"	"Carrer de Ciscar, 17, 46005 Val√®ncia, Valencia"	"Valencia"	"Valencia"	""	"960 05 06 70"	""	"No"	"39.4664796"	"-0.365733"	"https://g.page/lasadelitasvalenciaciscar?share"	""	"https://lh5.googleusercontent.com/p/AF1QipMKR0Y69qaFH9owcXVetMdqm-gLQOrXNdr5XUZw=w408-h408-k-no"	"147"	"0"	"0"
"CIRCO Gran Via Marqu√©s del Turia"	"Hamburgueser√≠a"	"4,6"	"609"				"De 20:00 a 24:00"	"De 13:00 a 16:00,De 20:00 a 24:00"	"De 13:00 a 16:00,De 20:00 a 24:00"	"De 13:00 a 16:00,De 20:00 a 24:00"	"De 13:00 a 16:00,De 20:00 a 24:00"	"De 13:00 a 16:00,De 20:00 a 24:00"	"De 13:00 a 16:00,De 20:00 a 24:00"	""	"FJ8H+C7 Valencia"	"Gran Via del Marqu√©s del T√∫ria, 25, 46005 Val√®ncia, Valencia"	"Valencia"	"Valencia"	"circorestaurante.com"	"673 67 14 77"	""	"No"	"39.4660996"	"-0.3717956"	"https://g.page/circoburgers?share"	""	"https://lh5.googleusercontent.com/p/AF1QipMKL27ADuLu3McvzOgIo-EhNsnzxXTIAomJMS3a=w426-h240-k-no"	"148"	"0"	"0"
"Casa Adri√°n 1944"	"Restaurante"	"4,2"	"292"				"10:00 a 6:00"	"De 9:00 a 14:00,De 17:00 a 23:00"	"De 9:00 a 14:00,De 17:00 a 23:00"	"De 9:00 a 14:00,De 17:00 a 23:00"	"De 9:00 a 23:00"	"De 9:00 a 23:00"	"De 10:00 a 23:00"	""	"FJ79+82 Valencia"	"C. de Sant Vicent M√†rtir, 140, 142, 46007 Val√®ncia, Valencia"	"Valencia"	"Valencia"	"eltenedor.rest"	"963 28 70 68"	""	"No"	"39.4633577"	"-0.382421"	"https://goo.gl/maps/UVgzLtvzz9YhAbN79"	""	"https://lh5.googleusercontent.com/p/AF1QipM7K0V_ipAdBLP97lvkphTJtq6KfrudqbP7Dzsm=w408-h544-k-no"	"149"	"0"	"0"
"La Casita de Sabino Valencia"	"Restaurante"	"4,5"	"305"				"13:45 a 17:00"	"De 13:45 a 17:00,De 20:30 a 24:00"	"Cerrado"	"De 13:45 a 17:00"	"De 13:45 a 17:00,De 20:30 a 24:00"	"De 13:45 a 17:00,De 20:30 a 24:00"	"De 13:45 a 17:00,De 20:30 a 24:00"	""	"FJ8H+28 Valencia"	"Carrer de Gregori Mayans, 5, 46005 Val√®ncia, Valencia"	"Valencia"	"Valencia"	"lacasitadesabinovalencia.com"	"963 74 39 99"	""	"No"	"39.4650798"	"-0.3716525"	"https://goo.gl/maps/2vRxDUTXgsYRU83w8"	""	"https://lh5.googleusercontent.com/p/AF1QipMkoTT5--wtRcYyybyzH448LJKHdLX6j5aCW0m0=w427-h240-k-no"	"150"	"0"	"0"
"LIA VALENCIA"	"Restaurante"	"4,5"	"709"				"13:00 a 0:30"	"De 13:00 a 16:00"	"Cerrado"	"De 13:00 a 17:30,De 20:30 a 23:00"	"De 13:00 a 17:30,De 20:30 a 23:00"	"De 13:00 a 1:00"	"De 13:00 a 1:00"	""	"FJFC+V3 Valencia"	"C. de la Boatella, 5, 46001 Val√®ncia, Valencia"	"Valencia"	"Valencia"	"liavalencia.es"	"961 94 04 03"	""	"No"	"39.474711"	"-0.3798095"	"https://g.page/Liavalencia?share"	""	"https://lh5.googleusercontent.com/p/AF1QipPuc4Ey7_WZmwxTtVajcvc1s_cGe6F4pxDEAFh5=w408-h408-k-no"	"151"	"0"	"0"
"Restaurante de Ana"	"Restaurante mediterr√°neo"	"4,3"	"526"				"13:00 a 16:00"	"Cerrado"	"De 13:00 a 16:00"	"De 13:00 a 16:00"	"De 13:00 a 23:30"	"De 13:00 a 23:30"	"De 13:00 a 23:30"	""	"FJ8G+FC Valencia"	"Carrer de Cirilo Amor√≥s, 4, 46004 Val√®ncia, Valencia"	"Valencia"	"Valencia"	"restaurantedeana.com"	"963 50 91 09"	""	"No"	"39.466147"	"-0.3739278"	"https://g.page/RESTAURANTE-DE-ANA?share"	""	"https://lh5.googleusercontent.com/p/AF1QipMAnnxactHBj3ReFMKUGh58QOtBub9QJtRZglnD=w408-h306-k-no"	"152"	"0"	"0"
"Restaurante Mar√≠a Mandiles Torres de Quart"	"Restaurante"	"4,1"	"399"				"10:30 a 0:30"	"De 8:30 a 0:30"	"De 8:30 a 0:30"	"De 8:30 a 0:30"	"De 8:30 a 0:30"	"De 8:30 a 0:30"	"De 10:30 a 0:30"	""	"FJF9+V4 Valencia"	"Carrer d`en Sendra, 9, 46001 Valencia"	"Valencia"	"Valencia"	"mariamandiles.es"	"960 69 15 57"	""	"No"	"39.4747167"	"-0.3822109"	"https://g.page/mariamandilestorresdequart?share"	""	"https://lh5.googleusercontent.com/p/AF1QipPt4-4-LttCuMGcFySYlNqtGl6SRSA6lSXZ5tEk=w426-h240-k-no"	"153"	"0"	"0"
"Restaurante Mar√≠a Mandiles Plaza de la Virgen"	"Restaurante mediterr√°neo"	"3,9"	"1.523"				"10:30 a 1:00"	"De 8:30 a 1:00"	"De 8:30 a 1:00"	"De 8:30 a 1:00"	"De 8:30 a 1:00"	"De 8:30 a 1:00"	"De 10:30 a 1:00"	""	"FJGF+P6 Valencia"	"Pl. de Manises, 2, 46003 Val√®ncia, Valencia"	"Valencia"	"Valencia"	"mariamandiles.es"	"960 04 60 57"	""	"No"	"39.4768581"	"-0.3769638"	"https://g.page/mariamandilesplazamanises?share"	""	"https://lh5.googleusercontent.com/p/AF1QipONpbT9QvIpgqOy_IajD_yIlB0smF65RWLKdprp=w408-h306-k-no"	"154"	"0"	"0"
"Olh√∂ps Craft Beer House - Cervecer√≠a artesanal en Valencia"	"Bar"	"4,3"	"1.050"				"18:30 a 23:30"	"De 18:30 a 23:30"	"De 18:30 a 23:30"	"De 18:30 a 23:30"	"De 18:30 a 0:30"	"De 18:30 a 1:30"	"De 18:30 a 1:30"	""	"FJ6F+WQ Valencia"	"Carrer de Sueca, 21, 46004 Val√®ncia, Valencia"	"Valencia"	"Valencia"	"olhops.com"	"650 13 50 22"	""	"No"	"39.4623448"	"-0.3755911"	"https://goo.gl/maps/K3Srmdqm1JJBoW1G7"	""	"https://lh5.googleusercontent.com/p/AF1QipNKxhAd8fG1zU2idBNzTN1z8dsdSi2-2sa-7sES=w408-h543-k-no"	"155"	"0"	"0"
"Restaurante Mar√≠a Mandiles Plaza del Carmen"	"Restaurante mediterr√°neo"	"3,7"	"1.084"				"11:00 a 1:00"	"De 8:30 a 1:00"	"De 8:30 a 1:00"	"De 8:30 a 1:00"	"De 8:30 a 1:00"	"De 8:30 a 1:00"	"De 11:00 a 1:00"	""	"FJHC+JQ Valencia"	"Carrer del Pare d&apos;Orfens, 2, 46003 Val√®ncia, Valencia"	"Valencia"	"Valencia"	"mariamandiles.es"	"963 15 48 84"	""	"No"	"39.479091"	"-0.3780476"	"https://g.page/mariamandilesplazadelcarmen?share"	""	"https://lh5.googleusercontent.com/p/AF1QipOHHNz1kBwn5eW3vORYc1U6-pOlUTH2JLHgCIkV=w408-h271-k-no"	"156"	"0"	"0"
"El Colmado de Ruzafa"	"Restaurante o cafeter√≠a"	""	""				""	" "	" "	" "	" "	" "	""	""	"FJ7G+GC Valencia"	"Carrer de Sevilla, 13, 46004 Val√®ncia, Valencia"	"Valencia"	"Valencia"	""	""	""	"No"	"39.4638279"	"-0.373979"	"https://goo.gl/maps/nckhFVJxuaR83PQf7"	""	""	"157"	"0"	"0"
"Soul Coffee Beer"	"Hamburgueser√≠a"	"4,7"	"1.821"				"Cerrado"	"Cerrado"	"Cerrado"	"De 20:30 a 24:00"	"De 20:30 a 24:00"	"De 13:30 a 16:00,De 20:30 a 24:00"	"De 13:30 a 16:00,De 20:30 a 24:00"	""	"CHHP+P8 Paiporta"	"Carrer Sant Pasqual, 12, 46200 Paiporta, Valencia"	"Paiporta"	"Valencia"	"soulcoffeebeer.com"	"961 18 14 79"	""	"No"	"39.4293632"	"-0.4142485"	"https://g.page/soulcoffeebeer?share"	""	"https://lh5.googleusercontent.com/p/AF1QipNNvL5EsPYQbsd-1d0yuEegtw775b9JeBYBqZAm=w408-h306-k-no"	"158"	"0"	"0"
"Poke S√≠ RUZAFA"	"Restaurante"	"4,0"	"6"				"De 19:45 a 23:45"	"De 12:45 a 16:15,De 19:45 a 23:45"	"De 12:45 a 16:15,De 19:45 a 23:45"	"De 12:45 a 16:15,De 19:45 a 23:45"	"De 12:45 a 16:15,De 19:45 a 23:45"	"De 12:45 a 16:15,De 19:45 a 23:45"	"De 12:45 a 16:15,De 19:45 a 23:45"	""	"FJ7P+XC Valencia"	"Carrer de la Reina Na Germana, 29, 46005 Val√®ncia, Valencia"	"Valencia"	"Valencia"	"deliveroo.es"	""	""	"No"	"39.4648876"	"-0.3639863"	"https://goo.gl/maps/FfKFduV3v6v24UJN7"	""	"https://lh5.googleusercontent.com/p/AF1QipMTgmACj_m0ongV1mzmA6OLdlDGDyXiJEbChclx=w408-h544-k-no"	"159"	"0"	"0"
"Senator Parque Central Hotel"	"Hotel"	"4,1"	"2.611"				""	" "	" "	" "	" "	" "	""	""	"FJ5F+2R Valencia"	"Pla√ßa Manuel Sanchis Guarner, 1, 46006 Valencia"	"Valencia"	"Valencia"	"senatorparquecentralhotel.com"	"963 95 80 80"	""	"No"	"39.4576104"	"-0.375463"	"https://goo.gl/maps/46fpVFz88RPiQLiT7"	""	"https://lh5.googleusercontent.com/p/AF1QipObLMt_cQZJbfDEz-n5znm6jZm0d7M9nlKLKm7v=w408-h272-k-no"	"160"	"0"	"0"
"Cafeter√≠a- Restaurante La Mas√≠a"	"Cafeter√≠a"	"4,2"	"373"				"Cerrado"	"De 8:00 a 17:00"	"De 8:00 a 17:00"	"De 8:00 a 17:00"	"De 8:00 a 17:00"	"De 8:00 a 17:00,De 20:00 a 23:30"	"De 9:00 a 17:00,De 20:00 a 23:30"	""	"FJ6J+F9 Valencia"	"Carrer del Pintor Salvador Abril, 43, 46005 Val√®ncia, Valencia"	"Valencia"	"Valencia"	"hostalmasia.es"	"665 83 16 85"	""	"No"	"39.4612535"	"-0.36898"	"https://goo.gl/maps/e7T5nygrKuBxAKpV7"	""	"https://lh5.googleusercontent.com/p/AF1QipPHXi66DUm6VKHC5ejLHg-SGRplS36H4CR8nLXn=w408-h306-k-no"	"161"	"0"	"0"
"Caf√© Tasia"	"Cafeter√≠a"	"3,9"	"94"				"De 19:00 a 23:30"	"De 9:30 a 16:30,De 19:00 a 23:30"	"De 9:30 a 16:30,De 19:00 a 23:30"	"De 9:30 a 16:30,De 19:00 a 23:30"	"De 9:30 a 16:30,De 19:00 a 23:30"	"De 9:30 a 16:30,De 19:00 a 0:30"	"De 9:30 a 16:30,De 19:00 a 0:30"	""	"FJ5F+VQ Valencia"	"Bajo, C. de Cuba, 56, 46006 Valencia"	"Valencia"	"Valencia"	"tasia.es"	"963 32 69 48"	""	"No"	"39.4596401"	"-0.375563"	"https://goo.gl/maps/uWw29Rt3sYrmjxF6A"	""	"https://lh5.googleusercontent.com/p/AF1QipNxzF84eUEa_4aAUWarj8UKYKeo1YdMy9n9ol-G=w408-h306-k-no"	"162"	"0"	"0"
"Sabor del Mar"	"Restaurante"	"4,5"	"214"				"De 19:30 a 23:30"	"De 12:00 a 16:00,De 19:00 a 23:30"	"Cerrado"	"De 12:00 a 16:00,De 19:30 a 23:30"	"De 12:00 a 16:00,De 19:30 a 23:30"	"De 12:00 a 16:00,De 19:30 a 24:00"	"De 12:00 a 16:00,De 19:30 a 24:00"	""	"FJ8M+HM Valencia"	"Carrer de Ciscar, 19, 46005 Val√®ncia, Valencia"	"Valencia"	"Valencia"	"sabordelmarvalencia.webnode.es"	"960 09 89 27"	""	"No"	"39.4663863"	"-0.3657589"	"https://goo.gl/maps/m56FWnpGF3uDnWSS6"	""	"https://lh5.googleusercontent.com/p/AF1QipNPLARxLWc9JZXb9S_DsEiPCcbQEIaFiqjbW6DE=w408-h408-k-no"	"163"	"0"	"0"
"Asador Campillo"	"Restaurante"	"3,3"	"7"				"10:00 a 18:00"	"Cerrado"	"De 8:00 a 18:00"	"De 8:00 a 18:00"	"De 8:00 a 18:00"	"De 8:00 a 18:00"	"De 9:00 a 18:00"	""	"FJ7M+C4 Cuart de Poblet"	"Av.Antiguo, Av. del Regne de Val√®ncia, N53, 46930 Quart de Poblet, Valencia"	"Cuart de Poblet"	"Valencia"	""	"961 03 42 06"	""	"No"	"39.4635214"	"-0.3671927"	"https://goo.gl/maps/nkjki66z5G2JixRK8"	""	"https://lh5.googleusercontent.com/p/AF1QipMm5hFBb3fTHF72E8A7TPCEeDjvkfc8gGdMmfyM=w408-h306-k-no"	"164"	"0"	"0"
"ALENAR Bodega Mediterr√°nea"	"Bar de tapas"	"4,5"	"690"				"Cerrado"	"Cerrado"	"De 8:45 a 22:45"	"De 8:45 a 22:45"	"De 8:45 a 22:45"	"De 8:45 a 22:45"	"De 10:45 a 23:00"	""	"FJ9G+76 Valencia"	"Carrer de Mart√≠nez Cubells, 6, 46002 Val√®ncia, Valencia"	"Valencia"	"Valencia"	"alenarbodega.com"	"960 03 96 03"	""	"No"	"39.468195"	"-0.3744573"	"https://g.page/alenarbodega?share"	""	"https://lh5.googleusercontent.com/p/AF1QipP0MIMwc-Xc4qtPLy3oQJVxNtDdZNK8GaxMfcNN=w408-h271-k-no"	"165"	"0"	"0"
"Fum de LLum"	"Restaurante"	"4,5"	"808"				"De 20:00 a 23:45"	"De 13:30 a 17:00,De 20:00 a 23:45"	"Cerrado"	"Cerrado"	"De 13:30 a 17:00,De 20:00 a 23:45"	"De 13:30 a 17:30,De 20:00 a 0:30"	"De 13:15 a 17:30,De 20:00 a 0:30"	""	"FJ8M+J7 Valencia"	"calle, Conde de Altea, 29, izquierda, 46005 Valencia"	"Valencia"	"Valencia"	"fumdellum.com"	"960 04 54 58"	""	"No"	"39.466561"	"-0.366869"	"https://goo.gl/maps/hH36vosWdziwE8LFA"	""	"https://lh5.googleusercontent.com/p/AF1QipPG0ilbPzasPkPIWUIrjK9wJuv0U_pY0SYf4GEB=w408-h272-k-no"	"166"	"0"	"0"
"A Contracorriente"	"Restaurante"	"4,3"	"666"				"13:00 a 17:00"	"De 13:00 a 17:00"	"De 13:00 a 17:00"	"De 13:00 a 17:00"	"De 13:00 a 17:00"	"De 13:00 a 17:00,De 20:00 a 24:00"	"De 13:00 a 17:00,De 20:00 a 24:00"	""	"FJ8G+6V Valencia"	"Gran Via del Marqu√©s del T√∫ria, 15, 46004 Val√®ncia, Valencia"	"Valencia"	"Valencia"	"acontracorriente.info"	"963 10 68 20"	""	"No"	"39.4655874"	"-0.3728272"	"https://g.page/acontracorrientevlc?share"	""	"https://lh5.googleusercontent.com/p/AF1QipOA3_oeyYhtlM64mb_AlJep9UIotkoqbpGAwFan=w408-h306-k-no"	"167"	"0"	"0"
"El Donjuan"	"Restaurante"	"4,5"	"2"				""	" "	" "	" "	" "	" "	""	""	"FJ9G+76 Valencia"	"Carrer de Mart√≠nez Cubells, 8, 46002 Val√®ncia, Valencia"	"Valencia"	"Valencia"	""	""	""	"No"	"39.4681943"	"-0.3744066"	"https://goo.gl/maps/VNqJ3uCFUnVgxVAg9"	""	"https://streetviewpixels-pa.googleapis.com/v1/thumbnail?panoid=eqMu6TtDeTIzNoxNKcCwSg&cb_client=search.gws-prod.gps&w=408&h=240&yaw=109.44827&pitch=0&thumbfov=100"	"168"	"0"	"0"
"Arroceria Hispania Hern√°n Cortes"	"Arrocer√≠a"	"4,1"	"358"				"9:30 a 17:30"	"Cerrado"	"Cerrado"	"De 9:30 a 17:30"	"De 9:30 a 17:30"	"De 9:30 a 17:30"	"De 9:30 a 17:30"	""	"FJ9H+3G Valencia"	"Carrer d&apos;Hern√°n Cort√©s, 20, 46004 Val√®ncia, Valencia"	"Valencia"	"Valencia"	"restaurantehispania.com"	"963 10 69 98"	""	"No"	"39.467728"	"-0.3711459"	"https://goo.gl/maps/rwUPqQTuKyezJt1eA"	""	"https://lh5.googleusercontent.com/p/AF1QipN_ZXxkgqhkebftsg7fiHcE8qV56l0oDJVcwPnh=w408-h279-k-no"	"169"	"0"	"0"
"Palace Fesol"	"Restaurante"	"4,3"	"494"				"Cerrado"	"Cerrado"	"De 13:00 a 16:00"	"De 13:00 a 16:00"	"De 13:00 a 16:00"	"De 13:00 a 16:00"	"Cerrado"	""	"FJ9H+C9 Valencia"	"Carrer d&apos;Hern√°n Cort√©s, 7, 46004 Val√®ncia, Valencia"	"Valencia"	"Valencia"	"restaurantepalacefesol.es"	"963 52 93 23"	""	"No"	"39.4685824"	"-0.3715484"	"https://goo.gl/maps/mdTnJjvAqje8nZUd9"	""	"https://lh5.googleusercontent.com/p/AF1QipPWTIGI_YSFdgykFB9Rx6QTY7fU6MCdyjYbWZNK=w408-h273-k-no"	"170"	"0"	"0"
